Prediger	Eccl	21	1	1	(Dies sind) die Worte des Predigers, des Sohnes Davids, des Königs in Jerusalem.
Prediger	Eccl	21	1	2	O Nichtigkeit der Nichtigkeiten! sagt der Prediger; o Nichtigkeit der Nichtigkeiten: alles ist nichtig!
Prediger	Eccl	21	1	3	Welchen Gewinn hat der Mensch von all seiner Mühe, mit der er sich unter der Sonne abmüht?
Prediger	Eccl	21	1	4	Ein Geschlecht geht dahin, und ein anderes kommt, doch die Erde steht ewig unbewegt.
Prediger	Eccl	21	1	5	Die Sonne geht auf, und die Sonne geht unter und eilt an denselben Ort zurück, wo sie aufging {oder: wieder aufgehn soll}.
Prediger	Eccl	21	1	6	Der Wind geht nach Süden und dreht sich nach Norden; immerfort kreisend weht der Wind, und zu seinen {= den alten} Kreisläufen kehrt der Wind zurück.
Prediger	Eccl	21	1	7	Alle Flüsse laufen ins Meer, und das Meer wird doch nicht voll; an den Ort, wohin die Flüsse einmal fließen, dahin fließen sie immer wieder.
Prediger	Eccl	21	1	8	Alle Dinge mühen sich ab: kein Mensch vermag es auszusprechen {= mit Worten zu erschöpfen}; das Auge wird des Sehens nicht satt und das Ohr nicht voll vom Hören.
Prediger	Eccl	21	1	9	Was gewesen ist, dasselbe wird wieder sein, und was geschehen ist, dasselbe wird wieder geschehen; es gibt nichts Neues unter der Sonne.
Prediger	Eccl	21	1	10	Kommt (einmal) etwas vor, von dem man sagen möchte: »Siehe, dies hier ist etwas Neues!«, so ist es doch längst dagewesen in den Zeitläuften, die vor uns waren:
Prediger	Eccl	21	1	11	es ist nur kein Andenken an die früheren Zeiten geblieben, und auch für die späteren, die künftig sein werden, wird kein Andenken übrigbleiben bei denen, die noch später kommen werden.
Prediger	Eccl	21	1	12	Ich, der Prediger, bin König über Israel in Jerusalem gewesen
Prediger	Eccl	21	1	13	und habe es mir angelegen sein lassen, vermittels der Weisheit alles zu erforschen und zu ergründen, was unter dem Himmel geschieht: ein leidiges {oder: mühseliges} Geschäft, das Gott den Menschenkindern auferlegt hat, sich damit abzuquälen.
Prediger	Eccl	21	1	14	Ich habe alles Arbeiten beobachtet, das unter der Sonne betrieben wird, und siehe da: alles war {oder: ist} nichtig und ein Haschen nach Wind.
Prediger	Eccl	21	1	15	Krummes kann doch nicht als gerade gelten, und was lückenhaft ist, darf man nicht als voll rechnen.
Prediger	Eccl	21	1	16	Ich dachte bei mir in meinem Herzen also: »Fürwahr, ich habe mir größere Schätze der Weisheit erworben als alle, die vor mir über {oder: in} Jerusalem gewesen sind, und mein Geist hat sich eine Fülle von Weisheit und Erkenntnis angeeignet!«
Prediger	Eccl	21	1	17	Als ich mich aber daranmachte, zu erkennen, was Weisheit sei, und zu erkennen, was Torheit und Unverstand sei, da wurde es mir klar, daß auch dies nur ein Haschen nach Wind ist;
Prediger	Eccl	21	1	18	denn wo viel Weisheit ist, da ist auch viel Verdruß, und mit der Zunahme der Erkenntnis wächst auch der Schmerz {oder: die Enttäuschung}.
Prediger	Eccl	21	2	1	Da dachte ich bei mir in meinem Herzen: »Wohlan denn, ich will es einmal mit der Freude und dem Lebensgenuß versuchen!« Aber siehe, auch das war nichtig.
Prediger	Eccl	21	2	2	Vom Lachen mußte ich sagen: »Unsinn ist das!« und von der Freude: »Wozu soll die dienen?«
Prediger	Eccl	21	2	3	Ich faßte den Entschluß, meinem Leibe mit Wein gütlich zu tun – allerdings so, daß mein Verstand die Leitung mit Besonnenheit behielte – und mich an die Torheit zu halten, bis ich sähe, was für die Menschenkinder das Beste sei, daß sie es täten unter dem Himmel während der ganzen {oder: kurzbemessenen} Dauer ihres Lebens.
Prediger	Eccl	21	2	4	Ich unternahm große Werke: ich baute mir Häuser, pflanzte mir Weinberge,
Prediger	Eccl	21	2	5	legte mir Gärten und Parke an und pflanzte darin Fruchtbäume jeder Art;
Prediger	Eccl	21	2	6	ich legte mir Wasserteiche an, um aus ihnen den Wald {oder: Hain} mit seinem üppigen Baumwuchs zu bewässern;
Prediger	Eccl	21	2	7	ich kaufte Knechte und Mägde, hatte auch Gesinde, das in meinem Hause geboren war, und besaß auch große Herden von Rindern und Kleinvieh, größere als irgend jemand vor mir sie in Jerusalem besessen hatte.
Prediger	Eccl	21	2	8	Ich häufte mir auch Silber und Gold an, die Schätze von Königen und Ländern, schaffte mir Sänger und Sängerinnen an und, was die Hauptlust der Menschen ist: Frauen über Frauen.
Prediger	Eccl	21	2	9	So stand ich groß da und tat es allen zuvor, die vor mir in Jersualem gelebt hatten; dabei war mir auch meine Weisheit verblieben.
Prediger	Eccl	21	2	10	Nichts von allem, wonach meine Augen Verlangen trugen, versagte ich ihnen, keinen Wunsch ließ ich meinem Herzen unerfüllt; denn mein Herz sollte Freude haben von all meinem Schaffen, und das sollte mir der Lohn für alle meine Mühe sein.
Prediger	Eccl	21	2	11	Doch als ich nun alle Werke prüfend betrachtete, die meine Hände geschaffen, und die Mühe erwog, die ich auf ihre Ausführung verwandt hatte: ach, da war das alles nichtig und ein Haschen nach Wind, und es kommt nirgends ein Gewinn heraus unter der Sonne.
Prediger	Eccl	21	2	12	b Denn was wird der Mensch tun, der nach mir, dem Könige, kommen wird? Dasselbe, was man immer schon getan hat.
Prediger	Eccl	21	2	13	Da sah ich denn ein, daß die Weisheit einen Vorzug vor der Torheit hat, wie das Licht einen Vorzug vor der Finsternis besitzt;
Prediger	Eccl	21	2	14	der Weise hat ja Augen im Kopf, während der Tor im Finstern wandelt. Zugleich erkannte ich aber auch, daß das gleiche Geschick alle (beide) trifft.
Prediger	Eccl	21	2	15	Da dachte ich bei mir in meinem Herzen: »Wenn mich dasselbe Geschick trifft wie den Toren, wozu bin ich dann so besonders weise gewesen?« So mußte ich mir denn sagen, daß auch dies nichtig sei.
Prediger	Eccl	21	2	16	Denn der Weise hinterläßt ebensowenig wie der Tor ein ewiges Gedenken, weil ja in den künftigen Tagen alles längst vergessen sein wird; ach ja, wie stirbt doch der Weise samt dem Toren dahin!
Prediger	Eccl	21	2	17	So wurde mir denn das Leben verhaßt {oder: verleidet}, denn mir mißfiel alles Tun, das unter der Sonne stattfindet; alles ist ja nichtig und ein Haschen nach Wind!
Prediger	Eccl	21	2	18	Da wurde mir alles Bemühen, das ich bis dahin unter der Sonne aufgewandt hatte, verleidet, weil ich ja das durch meine Mühe Geschaffene einem (andern) überlassen muß, der mein Nachfolger sein wird;
Prediger	Eccl	21	2	19	und wer kann wissen, ob der weise sein wird oder ein Tor? Und doch wird er schalten und walten über alle meine Mühe, über das, was ich durch meine Weisheit unter der Sonne zustande gebracht habe. Auch das ist nichtig.
Prediger	Eccl	21	2	20	So kam es denn mit mir dahin, daß ich mich der Verzweiflung überließ wegen all der Mühe, die ich unter der Sonne aufgewandt hatte.
Prediger	Eccl	21	2	21	Denn es kommt vor, daß ein Mensch sich mit Weisheit, Einsicht und Tüchtigkeit abgemüht hat und dann den Ertrag seiner Arbeit einem (andern) überlassen muß, der sich gar nicht darum gemüht hat. Auch das ist nichtig und ein großer Übelstand.
Prediger	Eccl	21	2	22	Denn welchen Nutzen hat der Mensch von all seiner Mühe und von dem Streben seines Geistes, womit er sich unter der Sonne abmüht,
Prediger	Eccl	21	2	23	wenn alle seine Tage leidvoll sind und Widerwärtigkeit sein ganzes Schaffen und nicht einmal bei Nacht sein Geist Ruhe findet? Auch das ist nichtig.
Prediger	Eccl	21	2	24	So gibt es denn für den Menschen nichts Besseres, als daß er ißt und trinkt und sein Herz bei seiner Mühsal guter Dinge sein läßt. Freilich habe ich erkannt, daß auch dies von der Hand Gottes abhängt;
Prediger	Eccl	21	2	25	denn wer kann essen und wer genießen ohne sein Zutun?
Prediger	Eccl	21	2	26	Denn einem Menschen, der ihm wohlgefällt, gibt Gott Weisheit, Einsicht und Freude {oder: Genuß}, dem Sünder aber gibt er das leidige Geschäft, zu sammeln und zusammenzuscharren, um es hernach dem zu überlassen, der Gott wohlgefällig ist. Auch das ist nichtig und ein Haschen nach Wind.
Prediger	Eccl	21	3	1	Jegliches Ding hat seine Zeit und alles Vornehmen unter dem Himmel seine Stunde.
Prediger	Eccl	21	3	2	Das Geborenwerden hat seine Zeit und ebenso das Sterben; das Pflanzen hat seine Zeit und ebenso das Ausraufen des Gepflanzten;
Prediger	Eccl	21	3	3	das Töten {oder: Zerstören} hat seine Zeit und ebenso das Heilen; das Einreißen hat seine Zeit und ebenso das Aufbauen;
Prediger	Eccl	21	3	4	das Weinen hat seine Zeit und ebenso das Lachen; das Klagen {oder: Trauern} hat seine Zeit und ebenso das Tanzen;
Prediger	Eccl	21	3	5	das Hinwerfen von Steinen hat seine Zeit und ebenso das Sammeln von Steinen; das Liebkosen hat seine Zeit und ebenso das Meiden der Liebkosung;
Prediger	Eccl	21	3	6	das Suchen hat seine Zeit und ebenso das Verlieren; das Aufbewahren hat seine Zeit und ebenso das Wegwerfen;
Prediger	Eccl	21	3	7	das Zerreißen hat seine Zeit und ebenso das Zusammennähen {oder: Flicken}; das Schweigen hat seine Zeit und ebenso das Reden;
Prediger	Eccl	21	3	8	das Lieben hat seine Zeit und ebenso das Hassen; der Krieg hat seine Zeit und ebenso der Friede.
Prediger	Eccl	21	3	9	Welchen Gewinn hat also der Tätige davon, daß er sich abmüht?
Prediger	Eccl	21	3	10	Ich habe die (leidige) Aufgabe betrachtet, die Gott den Menschenkindern gestellt hat, sich damit abzuplagen.
Prediger	Eccl	21	3	11	Alles hat Gott vortrefflich eingerichtet zu seiner Zeit, ja auch die Ewigkeit hat er ihnen ins Herz gelegt, nur daß der Mensch das Tun Gottes von Anfang bis zu Ende nicht zu durchschauen {oder: verstehen} vermag.
Prediger	Eccl	21	3	12	So habe ich denn erkannt, daß es nichts Besseres für den Menschen gibt, als sich der Freude hinzugeben und sich gütlich zu tun in seinem Leben;
Prediger	Eccl	21	3	13	freilich auch, daß, sooft jemand ißt und trinkt und zum Genießen bei all seiner Mühsal kommt, daß das auch eine Gabe Gottes ist.
Prediger	Eccl	21	3	14	Ich habe erkannt, daß alles, was Gott tut {oder: bestimmt hat}, ewige Geltung hat: man kann da nichts hinzufügen und nichts davon wegnehmen; und das hat Gott so eingerichtet, damit man sich vor ihm fürchte.
Prediger	Eccl	21	3	15	Was da ist, das ist schon längst gewesen, und was geschehen wird, ist längst dagewesen; denn Gott sucht das Entschwundene {oder: in Vergessenheit Geratene} wieder hervor.
Prediger	Eccl	21	3	16	Weiter aber habe ich unter der Sonne wahrgenommen: an der Stätte des Rechts {d.h. wo Recht sein sollte}, da herrschte das Unrecht, und an der Stätte der Gerechtigkeit, da herrschte die Gesetzlosigkeit.
Prediger	Eccl	21	3	17	Da dachte ich bei mir in meinem Sinn: »Den Gerechten wie den Gottlosen wird Gott richten; denn er hat für jedes Vorhaben und für alles Tun eine Zeit festgesetzt.«
Prediger	Eccl	21	3	18	Da dachte ich bei mir selbst: »Um der Menschenkinder willen ist das so gefügt, damit Gott sie prüft und damit sie einsehen, daß sie an und für sich den Tieren gleichstehen.«
Prediger	Eccl	21	3	19	Denn das Schicksal der Menschen und das Schicksal der Tiere ist ein und dasselbe: die einen sterben so gut wie die anderen, und sie haben alle den gleichen Odem, und einen Vorzug des Menschen vor den Tieren gibt es nicht:
Prediger	Eccl	21	3	20	alles geht an denselben Ort; alles ist vom Staube geworden {oder: genommen}, und alles kehrt zum Staube zurück.
Prediger	Eccl	21	3	21	Wer weiß denn vom Lebensodem des Menschen, ob er aufwärts in die Luft emporsteigt, und vom Lebensodem des Tieres, ob er nach unten zur Erde hinabfährt?
Prediger	Eccl	21	3	22	So habe ich denn eingesehen, daß es für den Menschen nichts Besseres gibt, als daß er sich freue bei seinem Tun; ja das ist sein Teil {oder: Lohn}; denn wer wird ihn dahin bringen, daß er Einsicht in das gewinnt, was nach ihm sein wird?
Prediger	Eccl	21	4	1	Und wiederum betrachtete ich alle Bedrückungen, die unter der Sonne verübt werden; ich sah da die Tränen der Bedrückten, die keinen Tröster hatten und von seiten ihrer Bedrücker Gewalttat {oder: Mißhandlung} erlitten, ohne daß jemand Trost für sie hatte.
Prediger	Eccl	21	4	2	Da pries ich die Toten, die längst gestorben sind, glücklicher als die Lebenden, die jetzt noch am Leben sind;
Prediger	Eccl	21	4	3	aber glücklicher als beide pries ich den, der noch nicht ins Dasein getreten ist und deshalb das böse Treiben noch nicht gesehen hat, das unter der Sonne stattfindet.
Prediger	Eccl	21	4	4	Weiter habe ich eingesehen, daß alle Mühe und aller Erfolg, den man bei seiner Tätigkeit hat, nur eine Folge der Eifersucht {oder: des Neides} des einen gegen den andern ist. Auch das ist nichtig und ein Haschen nach Wind.
Prediger	Eccl	21	4	5	Der Tor dagegen legt die Hände ineinander {= in den Schoß} und zehrt von seinem eigenen Fleisch:
Prediger	Eccl	21	4	6	»Besser ist eine Hand voll Ruhe als beide Fäuste voll Arbeit und Haschen nach Wind.«
Prediger	Eccl	21	4	7	Ich habe auch noch ein anderes Beispiel eitlen Mühens unter der Sonne gesehen:
Prediger	Eccl	21	4	8	Da ist einer, der ganz allein steht ohne Freunde und Genossen; auch einen Sohn und Bruder hat er nicht; gleichwohl wird er nicht müde, sich zu plagen, und seine Augen sehen sich am Reichtum nicht satt (er müßte sich doch sagen): »Für wen mühe ich mich ab und versage mir jeden Genuß?« Auch das ist nichtig und ein verfehltes Tun.
Prediger	Eccl	21	4	9	Besser sind zwei daran als ein Einzelner, weil ihnen ein guter Lohn für ihre Mühe zuteil wird;
Prediger	Eccl	21	4	10	denn wenn sie fallen, so hilft der eine dem andern wieder auf. Wehe aber dem Einzelnen! Wenn er hinfällt, ist kein Zweiter da, um ihm wieder aufzuhelfen!
Prediger	Eccl	21	4	11	So auch, wenn zwei zusammen schlafen, so wärmen sie sich gegenseitig; aber ein Einzelner, wie soll dem warm werden?
Prediger	Eccl	21	4	12	Und während jemand einen Einzelnen überwältigen mag, so werden sie zu zweit vor ihm standhalten, und (gar) eine dreifache Schnur wird nicht so bald zerreißen.
Prediger	Eccl	21	4	13	Ein armer, aber weiser Jüngling ist mehr wert als ein alter, jedoch törichter König, der keine Belehrung {oder: Warnung} mehr annimmt.
Prediger	Eccl	21	4	14	Denn aus dem Gefängnis gelangte er auf den Thron, obgleich er unter der Regierung jenes in Armut geboren war.
Prediger	Eccl	21	4	15	Ich sah alle Lebenden, die unter der Sonne wandelten, die Partei des Jünglings ergreifen, der an jenes Stelle treten sollte:
Prediger	Eccl	21	4	16	endlos war die Menge aller derer, die ihn sich zum Führer erkoren hatten. Gleichwohl freuten die Späteren sich seiner nicht mehr. So war denn auch dieses nichtig und ein Haschen nach Wind.
Prediger	Eccl	21	4	17	Gib acht auf deinen Fuß, wenn du zum Hause Gottes gehst; denn hintreten, um zu hören {oder: gehorsam zu sein}, ist besser, als wenn die Toren Opfer darbringen: sie wissen ja nichts weiter als Böses zu tun. –
Prediger	Eccl	21	5	1	Sei nicht vorschnell mit deinem Munde, und laß dich durch den Drang deines Herzens nicht dazu bringen, ein Wort vor Gott auszusprechen; denn Gott ist im Himmel, du aber bist auf der Erde; darum mache wenig Worte!
Prediger	Eccl	21	5	2	Denn wo Vielgeschäftigkeit ist, da kommen Träume; und wo viele Worte sind, da entsteht Torengeschwätz. –
Prediger	Eccl	21	5	3	Hast du Gott ein Gelübde dargebracht, so säume nicht, es zu erfüllen! Denn er hat kein Wohlgefallen an den Toren. Was du gelobt hast, das erfülle auch!
Prediger	Eccl	21	5	4	Besser ist es, kein Gelübde zu tun, als etwas zu geloben und es nicht zu erfüllen.
Prediger	Eccl	21	5	5	Gestatte deinem Munde nicht, deine Person in Schuld zu bringen, und sage nicht vor dem Gottesdiener {= Priester} aus, daß eine Übereilung vorliege: warum soll Gott über etwas von dir Ausgesprochenes zürnen und das Werk deiner Hände mißlingen lassen?
Prediger	Eccl	21	5	6	Denn wo viele Träume sind, da ist auch viel eitler Wortschwall. Vielmehr fürchte Gott!
Prediger	Eccl	21	5	7	Wenn du siehst, wie der Arme bedrückt wird und wie es mit Recht und Gerechtigkeit in der Landschaft {= in deinem Lande oder: Volke} übel bestellt ist, so rege dich darüber nicht auf; denn über dem Hohen steht ein noch Höherer auf der Lauer, und ein Allerhöchster hält Wacht über sie alle.
Prediger	Eccl	21	5	8	Doch ein Vorteil für ein Land ist jedenfalls dies: ein König über bebautes Land {oder: Feld}.
Prediger	Eccl	21	5	9	Wer das Geld liebt, wird des Geldes nie satt, und wer am Reichtum {= Überfluß} seine Freude hat, ist unersättlich nach Einkünften; auch das ist nichtig.
Prediger	Eccl	21	5	10	Wenn das Gut sich mehrt, so mehren sich auch die, welche davon zehren; und welchen Nutzen hat sein Besitzer davon, als daß er die Augen daran weidet?
Prediger	Eccl	21	5	11	Süß ist der Schlaf des Arbeiters, mag er wenig oder viel zu essen haben; den Reichen aber läßt die Übersättigung nicht zum Schlaf kommen. –
Prediger	Eccl	21	5	12	Es gibt ein ganz schlimmes Übel, das ich unter der Sonne beobachtet habe: Reichtum, der von seinem Besitzer zu seinem eigenen Unheil gehütet wird.
Prediger	Eccl	21	5	13	Geht nämlich solcher Reichtum durch irgendeinen Unglücksfall verloren, so behält der Sohn, den er erzeugt hat, nichts mehr im Besitz.
Prediger	Eccl	21	5	14	Nackt, wie er aus dem Schoß seiner Mutter hervorgekommen ist, muß er wieder davon, wie er gekommen ist, und kann für seine Mühe {oder: von seinem mühsam Erworbenen} nicht das Geringste mitnehmen, um es in seinem Besitz zu behalten.
Prediger	Eccl	21	5	15	Ja, das ist auch ein schlimmer Übelstand: ganz so, wie er gekommen ist, muß er wieder davon. Welchen Gewinn hat er nun davon, daß er sich für den Wind abgemüht hat?
Prediger	Eccl	21	5	16	Dazu verlebt er alle seine Tage im Dunkel und trübselig, bei viel Verdruß, Krankheit und Aufregung.
Prediger	Eccl	21	5	17	(Vernimm dagegen) was ich als gut, als schön befunden habe: daß der Mensch ißt und trinkt und es sich wohl sein läßt bei all seiner Mühe, mit der er sich unter der Sonne plagt während der geringen Zahl der Lebenstage, die Gott ihm beschieden hat; denn das ist sein Teil {= seine Bestimmung}.
Prediger	Eccl	21	5	18	Allerdings, wenn Gott irgendeinem Menschen Reichtum und irdische Güter verliehen und ihn in die glückliche Lage versetzt hat, davon zu genießen und sein Teil hinzunehmen und sich bei seiner Mühsal zu freuen, so ist das eine Gnadengabe Gottes.
Prediger	Eccl	21	5	19	Denn ein solcher wird nicht viel an (die Kürze) seiner Lebenstage denken, weil Gott (ihm) sein Wohlgefallen an der Freude seines Herzens bezeigt.
Prediger	Eccl	21	6	1	Es gibt einen Übelstand, den ich unter der Sonne beobachtet habe und der schwer auf dem Menschen lastet:
Prediger	Eccl	21	6	2	Da verleiht Gott jemandem Reichtum, irdische Güter und Ehre, so daß ihm für seine Person nichts fehlt von allem, wonach er Verlangen trägt; aber Gott gestattet ihm nicht, es zu genießen, sondern ein Fremder hat den Genuß davon: das ist bedauerlich und ein schwerer Übelstand!
Prediger	Eccl	21	6	3	Wenn jemand Vater von hundert Kindern würde und viele Jahre lebte, so daß die Zahl seiner Lebenstage groß wäre, er aber nicht dazu käme, seines Lebens froh zu werden [und ihm sogar kein Begräbnis zuteil würde], so sage ich: Besser als er ist ein Totgeborener daran.
Prediger	Eccl	21	6	4	Denn ein solcher kommt als ein Nichts auf die Welt und geht im Dunkel hinweg, und sein Name bleibt mit Dunkel bedeckt;
Prediger	Eccl	21	6	5	auch hat er die Sonne nicht gesehen und weiß nichts von ihr; aber in Beziehung auf Ruhe hat er einen Vorzug vor jenem.
Prediger	Eccl	21	6	6	Ja, wenn jemand auch zweimal tausend Jahre lebte, ohne jedoch seines Lebens froh zu werden – fährt nicht alles dahin an denselben Ort? {vgl. 3,20}
Prediger	Eccl	21	6	7	Alles Mühen des Menschen geschieht für den Mund, und dennoch wird dessen Begierde nicht gestillt.
Prediger	Eccl	21	6	8	Doch welchen Vorzug hat hierin der Weise vor dem Toren? Den des Armen, der sich auf die richtige Lebensführung versteht.
Prediger	Eccl	21	6	9	Besser ist das Anschauen mit den Augen als das Umherschweifen mit der Begierde. Auch das ist nichtig und ein Haschen nach Wind.
Prediger	Eccl	21	6	10	Alles, was geschieht {oder: entsteht}, ist längst im voraus bestimmt, und von vornherein steht fest, wie es einem Menschen ergehen wird, und niemand vermag den zur Rechenschaft zu ziehen, der stärker ist als er.
Prediger	Eccl	21	6	11	Wohl findet da vieles Gerede statt, aber das schafft nur noch mehr Nichtigkeit: welchen Nutzen hat der Mensch davon?
Prediger	Eccl	21	6	12	Denn wer weiß, was dem Menschen im Leben gut ist während der wenigen Tage seines nichtigen Lebens, die er dem Schatten vergleichbar verbringt? Denn wer tut dem Menschen kund, was nach ihm sein wird unter der Sonne?
Prediger	Eccl	21	7	1	Besser ist ein guter Name als kostbares Salböl {= als Wohlgeruch}, und besser der Todestag als der Geburtstag. –
Prediger	Eccl	21	7	2	Besser ist es, in ein Trauerhaus zu gehen, als zu einem fröhlichen Gastmahl {oder: zum Hochzeitsschmaus}; denn jenes weist auf das Ende aller Menschen hin, und wer noch im Leben steht, möge sich das zu Herzen nehmen!
Prediger	Eccl	21	7	3	Besser Unmut als Lachen; denn bei ernstem Angesicht steht es gut um das Herz.
Prediger	Eccl	21	7	4	Das Herz der Weisen weilt im Trauerhause, aber das Herz der Toren im Hause der Freude. –
Prediger	Eccl	21	7	5	Besser ist es, auf das Schelten eines Weisen zu hören, als daß man die Lieder der Toren anhört;
Prediger	Eccl	21	7	6	denn wie das Knistern {oder: Prasseln} des Reisigs unter dem Kessel, so ist das Lachen des Toren. Auch das ist nichtig. –
Prediger	Eccl	21	7	7	Denn unredlicher Gewinn macht den Weisen zum Toren, und Bestechungsgeschenke verderben das Herz {= die Gesinnung}. –
Prediger	Eccl	21	7	8	Besser ist der Ausgang einer Sache als ihr Anfang, besser Langmut als Hochmut.
Prediger	Eccl	21	7	9	Übereile dich nicht, in ärgerliche Stimmung zu geraten; denn der Ärger hat seine Wohnung im Busen der Toren. –
Prediger	Eccl	21	7	10	Frage nicht, wie es komme, daß die früheren Zeiten besser waren als die jetzigen; denn nicht die Weisheit gibt dir diese Frage ein.
Prediger	Eccl	21	7	11	Weisheit ist so gut wie ein Erbbesitz, und Einsicht ein Gewinn für die, welche das Sonnenlicht sehen;
Prediger	Eccl	21	7	12	denn im Schatten {= unter dem Schutz} der Weisheit ist man ebenso geborgen wie im Schatten {= unter dem Schutz} des Geldes; aber der Vorzug der Erkenntnis besteht darin, daß die Weisheit ihrem Besitzer das Leben erhält. –
Prediger	Eccl	21	7	13	Betrachte das Walten Gottes; denn wer kann etwas gerade machen, was er gekrümmt hat?
Prediger	Eccl	21	7	14	Am guten Tage sei guter Dinge, und am bösen Tage, da erwäge: auch diesen hat Gott ebenso wie jenen gemacht, damit der Mensch nicht ausfindig mache, was nach ihm geschieht {oder: ihm bevorsteht}.
Prediger	Eccl	21	7	15	Alles (beides) habe ich in den Tagen meines eitlen (Erdenlebens) gesehen: mancher Gerechte geht trotz seiner Gerechtigkeit zugrunde, und mancher Gottlose bringt es trotz seiner Bosheit zu langem Leben.
Prediger	Eccl	21	7	16	Verhalte dich nicht allzu gerecht und gebärde dich nicht übertrieben weise: warum willst du selbst Schaden nehmen {oder: dich zugrunde richten}?
Prediger	Eccl	21	7	17	Handle aber auch nicht allzu gottlos und zu töricht: warum willst du vor der Zeit sterben?
Prediger	Eccl	21	7	18	Es ist am besten, wenn du an dem einen festhältst und auch das andere nicht fahren läßt; denn der Gottesfürchtige entgeht allem beidem {oder: kommt weiter als sie alle?}. –
Prediger	Eccl	21	7	19	Die Weisheit verleiht dem Weisen mehr Kraft als zehn Machthaber, die in der Stadt sind.
Prediger	Eccl	21	7	20	Denn kein Mensch auf Erden ist so gerecht, daß er nur Gutes täte und niemals sündigte.
Prediger	Eccl	21	7	21	Gib auch nicht auf alles Gerede acht, das man führt; du könntest sonst einmal deinen eigenen Knecht dich schmähen hören;
Prediger	Eccl	21	7	22	denn gar manchmal – du wirst dir dessen wohl bewußt sein – hast du selbst andere geschmäht.
Prediger	Eccl	21	7	23	Alles dies habe ich mit {oder: im Streben nach} der Weisheit erprobt; ich dachte: »Ich will die Weisheit gewinnen!«, doch sie blieb fern von mir.
Prediger	Eccl	21	7	24	In weiter Ferne liegt der Grund aller Dinge und tief, ja tief verborgen: wer kann ihn ausfindig machen?
Prediger	Eccl	21	7	25	Immer wieder, wenn ich mich dazu wandte und mein Streben darauf richtete, Erkenntnis und ein richtiges Urteil zu gewinnen und mit dem Suchen nach Weisheit zu einem Abschluß zu kommen und einzusehen, daß die Gottlosigkeit Torheit ist und die Torheit Wahnsinn,
Prediger	Eccl	21	7	26	da fand ich etwas, das bitterer ist als der Tod, nämlich das Weib, das einem Fangnetz gleicht und dessen Herz Schlingen, dessen Arme Fesseln sind. Wer Gott wohlgefällt, der entgeht ihr, doch wer sündigt {oder: doch wer ihm mißfällt}, wird von ihr gefangen.
Prediger	Eccl	21	7	27	»Siehe, dies habe ich gefunden«, sagt der Prediger, »indem ich eine Erfahrung zu der andern fügte, um ein sicheres Urteil zu gewinnen;
Prediger	Eccl	21	7	28	was aber meine Seele immer noch sucht und was ich nicht gefunden habe, ist dies: Unter tausend habe ich wohl einen Mann gefunden, aber ein Weib habe ich unter ihnen allen nicht gefunden.
Prediger	Eccl	21	7	29	Allerdings, wisse wohl: dies habe ich gefunden, daß Gott die Menschen gerade {= recht, richtig} geschaffen hat; sie selbst aber suchen viele verwerfliche Künste.«
Prediger	Eccl	21	8	1	Wer ist wie der Weise und wer versteht sich auf die Deutung der Dinge? Die Weisheit erleuchtet {oder: verklärt} das Angesicht eines Menschen, so daß die Härte seiner Gesichtszüge verwandelt wird.
Prediger	Eccl	21	8	2	Ich sage: Beobachte das Gebot des Königs, und zwar wegen des bei Gott geleisteten Treueides.
Prediger	Eccl	21	8	3	Übereile dich nicht, ihm aus den Augen zu gehen {= von ihm wegzugehen}, und laß dich auf keine böse Sache ein; denn er setzt alles durch, was er will,
Prediger	Eccl	21	8	4	weil ja das Wort des Königs eine Macht ist; und wer darf zu ihm sagen: »Was tust du da?«
Prediger	Eccl	21	8	5	Wer das Gebot beobachtet, wird nichts Schlimmes erleben; wohl aber wird das Herz des Weisen die zur bestimmten Zeit eintretende richterliche Entscheidung erleben.
Prediger	Eccl	21	8	6	Denn für jede Sache gibt es eine zur bestimmten Zeit eintretende Entscheidung; doch der Übelstand lastet schwer auf dem Menschen,
Prediger	Eccl	21	8	7	daß er die Zukunft nicht kennt; denn wer könnte ihm ansagen, wie es in Zukunft sein wird?
Prediger	Eccl	21	8	8	Kein Mensch hat Macht über den Wind, so daß er den Wind aufhalten könnte; ebensowenig ist jemand Herr über den Tag seines Todes; auch gibt es im Kriege keine Entlassung {oder: keinen Urlaub}; und ebenso läßt die Gesetzesübertretung den nicht entkommen, der sie übt.
Prediger	Eccl	21	8	9	Alles dieses habe ich gesehen, indem ich mein Augenmerk auf alles Geschehen {oder: Tun} richtete, das unter der Sonne stattfindet, solange ein Mensch über andere herrscht zu ihrem Unglück.
Prediger	Eccl	21	8	10	Dabei habe ich auch gesehen, daß Gottlose begraben wurden und zur Ruhe eingingen, während Leute, die rechtschaffen gelebt hatten, von der heiligen {oder: geweihten} Stätte wegziehen mußten und in der Stadt in Vergessenheit gerieten; auch das ist nichtig.
Prediger	Eccl	21	8	11	Weil der Urteilsspruch über böse Taten nicht schnell vollstreckt wird, darum ist das Herz der Menschen mit Mut erfüllt, Böses zu tun;
Prediger	Eccl	21	8	12	außerdem (auch aus dem Grunde), weil ein Sünder hundertmal Böses tut und doch lange am Leben bleibt – obgleich ich weiß, daß es den Gottesfürchtigen gutgehen wird, weil sie sich vor ihm {d.h. vor Gott} fürchten,
Prediger	Eccl	21	8	13	während es dem Gottlosen nicht gutgehen und er seine Tage nicht wie ein Schatten in die Länge ziehen wird, weil er sich vor Gott nicht fürchtet.
Prediger	Eccl	21	8	14	Es gibt etwas Nichtiges, das auf Erden vorkommt, nämlich daß es Gerechte gibt, denen es so ergeht, wie es den Gottlosen nach ihrem Tun ergehen müßte, und daß es manchen Gottlosen so ergeht, wie es bei den Gerechten nach ihrem Tun der Fall sein müßte. Da habe ich mir gesagt, daß auch dies nichtig sei.
Prediger	Eccl	21	8	15	So lobe ich mir denn die Freude, weil es für den Menschen nichts Besseres unter der Sonne gibt als zu essen und zu trinken und guter Dinge zu sein; und dies möge ihn bei seiner Mühsal begleiten während der Tage seines Lebens, die Gott ihm unter der Sonne vergönnt.
Prediger	Eccl	21	8	16	Sooft ich mein Streben darauf richtete, zur Erkenntnis der Weisheit zu gelangen und alles Tun, das auf der Erde vor sich geht, zu beobachten,
Prediger	Eccl	21	8	17	habe ich bezüglich des ganzen göttlichen Waltens erkannt, daß der Mensch, mag er auch seinen Augen weder bei Tag noch bei Nacht Schlaf zu finden vergönnen, das Walten, das sich unter der Sonne vollzieht, nicht zu ergründen vermag [insofern der Mensch trotz aller Mühe, mit der er es zu erforschen sucht, es doch nicht ergründet]. Denn auch wenn der Weise es zu erkennen vermeint, vermag er es doch nicht zu ergründen.
Prediger	Eccl	21	9	1	Ja, auf dies alles habe ich mein Augenmerk gerichtet und dies alles mir klar zu machen gesucht, daß nämlich die Gerechten und die Weisen mit ihrem ganzen Tun in der Hand Gottes sind. Der Mensch weiß weder, ob ihm Liebe oder Haß begegnen wird: alles ist vor ihm (in der Zukunft) verhüllt.
Prediger	Eccl	21	9	2	Dasselbe Geschick trifft alle ohne Unterschied: das gleiche Los wird allen zuteil, dem Gerechten wie dem Gottlosen, dem Reinen wie dem Unreinen, dem, der opfert, wie dem, der nicht opfert; dem Guten geht es wie dem Sünder und dem, der schwört, wie dem, der sich vor dem Schwören scheut.
Prediger	Eccl	21	9	3	Das ist ein Übelstand bei allem, was unter der Sonne geschieht, daß allen das gleiche Geschick beschieden ist und auch daß das Herz der Menschenkinder voll Bosheit ist und Unverstand in ihrem Herzen wohnt, solange sie leben; danach aber geht’s zu den Toten.
Prediger	Eccl	21	9	4	Denn solange einer überhaupt noch zu den Lebenden gehört, so lange hat er noch etwas zu hoffen; denn ein lebender Hund ist mehr wert {oder: besser daran} als ein toter Löwe.
Prediger	Eccl	21	9	5	Die Lebenden wissen doch noch, daß sie sterben werden, die Toten aber wissen überhaupt nichts und haben auch keinen Lohn mehr zu erwarten; sogar ihr Andenken wird ja vergessen.
Prediger	Eccl	21	9	6	Sowohl Lieben als Hassen und Eifern {oder: Neiden} ist für sie längst vorbei, und sie nehmen in Ewigkeit keinen Anteil mehr an irgend etwas, das unter der Sonne vor sich geht.
Prediger	Eccl	21	9	7	Wohlan denn, iß dein Brot mit Freuden und trinke deinen Wein mit wohlgemutem Herzen! Denn Gott hat solches Tun bei dir von vornherein gutgeheißen.
Prediger	Eccl	21	9	8	Trage allezeit weiße Kleider und laß das Salböl deinem Haupte nicht mangeln.
Prediger	Eccl	21	9	9	Genieße das Leben mit dem Weibe, das du liebgewonnen hast, an all deinen eitlen {= nichtigen} Lebenstagen, die Gott dir unter der Sonne vergönnt, alle deine eitlen Tage hindurch; denn das ist dein Anteil am Leben und (der Lohn) für die Mühe, mit der du dich unter der Sonne abmühst.
Prediger	Eccl	21	9	10	Alles, was deine Hand mit deiner Kraft zu leisten vermag, das tu; denn in der Unterwelt, wohin dein Weg geht, gibt es kein Schaffen und keine Überlegung mehr, weder Erkenntnis noch Weisheit.
Prediger	Eccl	21	9	11	Wiederum habe ich unter der Sonne gesehen, daß nicht dem Schnellsten der Sieg {= Preis} im Wettlauf und nicht dem Tapfersten der Sieg im Kriege zuteil wird, auch nicht den Weisen das Brot und nicht den Verständigen der Reichtum, auch nicht den Einsichtsvollen die Gunst, sondern sie sind alle von Zeit und Umständen abhängig.
Prediger	Eccl	21	9	12	Der Mensch kennt ja nicht einmal die ihm bestimmte Zeit; nein, wie die Fische, die im Unglücksnetz sich fangen, und wie die Vögel, die von der Schlinge erfaßt werden, ebenso werden auch die Menschenkinder zur Zeit des Unglücks umstrickt, wenn es plötzlich über sie hereinbricht.
Prediger	Eccl	21	9	13	Und doch habe ich folgenden Fall von Weisheit unter der Sonne erlebt, und er hat einen tiefen Eindruck auf mich gemacht:
Prediger	Eccl	21	9	14	Es war eine kleine Stadt, in der sich nur wenige Leute befanden; da zog ein mächtiger König gegen sie heran, schloß sie rings ein und ließ gewaltige Belagerungswerke gegen sie aufführen.
Prediger	Eccl	21	9	15	Nun fand sich in ihr ein armer {oder: geringer}, aber weiser Mann, der die Stadt durch seine Weisheit rettete; aber kein Mensch denkt mehr an diesen armen Mann.
Prediger	Eccl	21	9	16	Da sagte ich mir: »Weisheit ist (zwar) besser als Stärke, aber die Weisheit des Armen wird verachtet, und seine Worte bleiben ungehört.«
Prediger	Eccl	21	9	17	Worte der Weisen, die man in Ruhe anhört, sind mehr wert {oder: wirken stärker} als das Brüllen eines Herrschers unter Toren.
Prediger	Eccl	21	9	18	Weisheit ist besser als Kriegsgerät; aber ein einziger Bösewicht kann viel Gutes verderben.
Prediger	Eccl	21	10	1	Tote Fliegen machen ranzig und trübe das Öl des Salbenmischers; so verderbt ein wenig Torheit den Wert der Weisheit. –
Prediger	Eccl	21	10	2	Der Sinn des Weisen ist auf das Rechte gerichtet und der Sinn des Toren auf das Verkehrte;
Prediger	Eccl	21	10	3	und wo der Tor auch gehen mag, auf Schritt und Tritt, versagt sein Verstand, so daß er sich allen Leuten als Toren zu erkennen gibt. –
Prediger	Eccl	21	10	4	Wenn der Unmut des Herrschers gegen dich aufsteigt, so verlaß darum deinen Platz {oder: Posten} nicht; denn Gelassenheit verhütet {oder: macht gut} schwere Verfehlungen. –
Prediger	Eccl	21	10	5	Es gibt einen Übelstand, den ich unter der Sonne wahrgenommen habe, nämlich ein verfehltes Verfahren, das von einem Machthaber ausgeht:
Prediger	Eccl	21	10	6	Toren werden auf große Höhe gestellt {= in die höchsten Würden eingesetzt}, und Reiche {oder: Edle} müssen unten sitzen.
Prediger	Eccl	21	10	7	Ich habe Sklaven hoch zu Roß gesehen und Fürsten wie Sklaven zu Fuß einhergehen.
Prediger	Eccl	21	10	8	Wer eine Grube gräbt, fällt selbst hinein {oder: kann hineinfallen}, und wer Gemäuer einreißt, den kann eine Schlange beißen;
Prediger	Eccl	21	10	9	wer Steine bricht, kann sich an ihnen verletzen, wer Holz spaltet, kann sich dabei wehetun. –
Prediger	Eccl	21	10	10	Wenn eine Axt stumpf geworden ist und man die Schneide nicht schärft, dann muß man seine Kräfte um so mehr anstrengen; aber der Vorteil des Instandsetzens ist Weisheit. –
Prediger	Eccl	21	10	11	Wenn die Schlange beißt, ehe die Beschwörung stattgefunden hat, so hat der Beschwörer keinen Nutzen (von seiner Kunst).
Prediger	Eccl	21	10	12	Worte aus dem Munde eines Weisen sind herzgewinnend, aber den Toren richten die eigenen Lippen zugrunde.
Prediger	Eccl	21	10	13	Der Anfang der Worte seines Mundes ist Torheit und das Ende seines Redens schlimmer Unsinn.
Prediger	Eccl	21	10	14	Auch macht der Tor viele Worte, obgleich kein Mensch weiß, was geschehen wird, und niemand ihm ansagen kann, was die Zukunft bringt.
Prediger	Eccl	21	10	15	Die Mühe, die der Tor aufwendet, macht ihn müde, so daß er den Weg nach der Stadt nicht mehr kennt.
Prediger	Eccl	21	10	16	Wehe dir, Land, dessen König ein Knabe ist und dessen Fürsten schon am Morgen schmausen!
Prediger	Eccl	21	10	17	Heil dir, du Land, dessen König ein Sproß von edler Herkunft ist und dessen Fürsten zu rechter Zeit tafeln, und zwar als Männer und nicht als Zecher {oder: Trunkenbolde}! –
Prediger	Eccl	21	10	18	Infolge von Faulheit senkt sich das Gebälk (eines Hauses), und infolge von Lässigkeit der Hände tropft das Haus {= dringt der Regen durch das Hausdach}. –
Prediger	Eccl	21	10	19	Zur Belustigung veranstaltet man Mahlzeiten, und der Wein erheitert das Leben, und für Geld kann man alles haben. –
Prediger	Eccl	21	10	20	Selbst auf deinem Lager fluche dem Könige nicht, und einen Hochgestellten schmähe auch in deinem Schlafgemach nicht; denn die Vögel des Himmels könnten den Laut {= das Ausgesprochene} weitertragen und ein geflügelter Bote das Wort verraten.
Prediger	Eccl	21	11	1	Laß dein Brot {= Geld, Vermögen} über das weite Meer fahren; denn nach Verlauf vieler Tage wirst du es wieder heimkommen sehen;
Prediger	Eccl	21	11	2	doch verteile es auf sieben, ja auf acht Fahrten {oder: Unternehmungen}; denn du weißt nicht, was für Unglück sich auf der Erde ereignen mag. –
Prediger	Eccl	21	11	3	Wenn die Wolken mit Regen gefüllt sind, lassen sie ihn auf die Erde strömen; und wenn ein Baum nach Süden oder nach Norden fällt, so bleibt er an der Stelle liegen, wohin er gefallen ist. –
Prediger	Eccl	21	11	4	Wer (immerfort) auf den Wind achtet, kommt nicht zum Säen, und wer (immerfort) nach den Wolken sieht, kommt nicht zum Ernten. –
Prediger	Eccl	21	11	5	Gleichwie du nicht weißt, welches der Weg des Windes ist oder wie die Gebeine im Schoße der Schwangeren sich bilden, ebensowenig kennst du das Walten Gottes, der alles wirkt. –
Prediger	Eccl	21	11	6	Am Morgen säe deinen Samen, und bis zum Abend laß deine Hände nicht ruhen; denn du weißt nicht, was gelingen wird, ob dieses oder jenes, oder ob gar beides zugleich gut geraten wird. –
Prediger	Eccl	21	11	7	Und köstlich ist das Licht, und wohltuend ist’s für die Augen, die Sonne zu sehen;
Prediger	Eccl	21	11	8	denn wenn jemand auch viele Jahre lebt, möge er sich doch in ihnen allen der Freude hingeben und an die Tage der Finsternis denken, daß ihrer viele sein werden: alles, was kommt, ist nichtig.
Prediger	Eccl	21	11	9	Freue dich, Jüngling, in deiner Jugend und laß dein Herz guter Dinge sein in den Tagen deiner Jugendzeit; wandle die Wege, zu denen dein Herz sich hingezogen fühlt, und gehe dem nach, was deine Augen erschaun; doch wisse wohl, daß Gott um dies alles Rechenschaft von dir fordern wird!
Prediger	Eccl	21	11	10	Schlage dir den Unmut aus dem Sinn und halte dir das Leid vom Leibe fern, denn Jugend und dunkles Haar sind schnell entschwunden.
Prediger	Eccl	21	12	1	Und bleibe deines Schöpfers eingedenk in den Tagen deiner Jugendzeit, ehe die bösen Tage kommen und die Jahre sich einstellen, von denen du sagen wirst: »Sie gefallen mir nicht«;
Prediger	Eccl	21	12	2	ehe noch die Sonne und das Tageslicht, der Mond und die Sterne sich verfinstern und die Wolken wiederkehren nach dem Regen,
Prediger	Eccl	21	12	3	in der Zeit, wo die Hüter {oder: Wächter} des Hauses zittern und die starken Männer sich krümmen; wo die Müllerinnen die Arbeit einstellen, weil ihrer wenige geworden sind, und die Fensterguckerinnen trübe werden;
Prediger	Eccl	21	12	4	wo die beiden Pforten nach der Straße hin geschlossen stehen, weil die Mühle mit weniger Geräusch geht, und man beim Hahnenschrei {oder: Vogelgezwitscher} aufsteht und aller Liederklang verstummt;
Prediger	Eccl	21	12	5	auch vor jeder Steigung fürchtet man sich und sieht Schrecknisse auf jedem Wege; der Mandelbaum steht in Blüte, und die Heuschrecke {oder: der Grashüpfer} schleppt sich träge dahin, und die Kaperwürze versagt ihre Wirkung – denn der Mensch geht hin zu seiner ewigen Behausung, und die Klageleute ziehen auf der Straße umher –;
Prediger	Eccl	21	12	6	ehe noch der silberne Faden {d.h. Lebensfaden} zerreißt und die goldene Schale zerbricht und der Krug an der Quelle in Scherben geht und das Schöpfrad zertrümmert in den Brunnen fällt
Prediger	Eccl	21	12	7	und der Staub zur Erde zurückkehrt als das, was er vorher gewesen ist, und der Odem {oder: Geist} zu Gott zurückkehrt, der ihn gegeben hat.
Prediger	Eccl	21	12	8	»O Nichtigkeit der Nichtigkeiten!« ruft der Prediger aus, »alles ist nichtig!«
Prediger	Eccl	21	12	9	Abgesehen davon, daß der Prediger ein Weiser war, hat er das Volk auch Erkenntnis gelehrt und war ein Denker und Forscher, der zahlreiche Sprüche verfaßt {oder: gesammelt?} hat.
Prediger	Eccl	21	12	10	Der Prediger war bemüht, ansprechende Worte zu finden und zutreffende Weisungen niederzuschreiben, Aussprüche der Wahrheit.
Prediger	Eccl	21	12	11	Die Aussprüche der Weisen sind wie Treibstachel, und wie eingeschlagene Pflöcke stehen die einzelnen Sprüche beisammen, die von einem einzigen Hirten {= weisen Lehrer oder: Meister} herrühren.
Prediger	Eccl	21	12	12	Und ferner noch {oder: im übrigen}: laß dich warnen, mein Sohn; des vielen Bücherschreibens ist kein Ende, und das viele Studieren verursacht dem Leibe Ermüdung. –
Prediger	Eccl	21	12	13	Laßt uns das Endergebnis des Ganzen hören: Fürchte Gott und halte seine Gebote! Denn das kommt jedem Menschen zu.
Prediger	Eccl	21	12	14	Denn Gott wird in dem Gericht, das über alles Verborgene ergeht, das Urteil über alles Tun sprechen, es sei gut oder böse (gewesen).