Weisheit	Wis	70	1	1	Gewinnt die Gerechtigkeit lieb, ihr Herrscher auf Erden! denkt an den Herrn in Aufrichtigkeit und sucht ihn in Einfalt des Herzens!
Weisheit	Wis	70	1	2	Denn er läßt sich finden von denen, die ihn nicht versuchen {= auf die Probe stellen}, und offenbart sich denen, die ihm nicht mißtrauen.
Weisheit	Wis	70	1	3	Denn verkehrte Gedanken führen von Gott ab, und seine Allmacht, wenn sie angezweifelt wird, straft die Toren
Weisheit	Wis	70	1	4	Denn in eine bösgesinnte Seele kehrt die Weisheit nicht ein und nimmt ihre Wohnung nicht in einem der Sünde dienstbaren Leibe.
Weisheit	Wis	70	1	5	Denn der heilige Geist der Zucht meidet die Falschheit; er hält sich fern von törichten Gedanken und wird verscheucht, wenn Ungerechtigkeit aufkommt.
Weisheit	Wis	70	1	6	Denn ein menschenfreundlicher Geist ist die Weisheit und läßt auch den Gotteslästerer nicht ungestraft ob der Schuld seiner Lippen; denn Gott ist Zeuge seiner Nieren {d.h. der Kenner dessen, was in seinem Innern vorgeht}, er ist der wahrhaftige Beobachter seines Herzens und der Hörer seiner Reden.
Weisheit	Wis	70	1	7	Denn der Geist des Herrn erfüllt den Erdkreis, und er, der das All umfaßt, hat Kenntnis von jedem gesprochenen Wort.
Weisheit	Wis	70	1	8	Darum bleibt keiner verborgen, der Unrechtes redet, und die strafende Gerechtigkeit geht an ihm nicht vorüber.
Weisheit	Wis	70	1	9	Denn über die Anschläge des Gottlosen findet eine Untersuchung statt, und die Kunde von seinen Reden kommt vor den Herrn zur Bestrafung seiner Verfehlungen;
Weisheit	Wis	70	1	10	denn sein eifersüchtiges Ohr hört alles, und auch das leiseste Murren bleibt ihm nicht verborgen.
Weisheit	Wis	70	1	11	Hütet euch also vor unnützem Murren und bewahrt die Zunge vor Lästerrede; denn auch heimliches Gerede geht nicht ungestraft hin, und ein lügnerischer Mund vernichtet die Seele.
Weisheit	Wis	70	1	12	Trachtet nicht nach dem Tode durch die Verirrung eures Lebens und zieht nicht das Verderben durch euer eigenes Tun herbei;
Weisheit	Wis	70	1	13	denn Gott hat den Tod nicht geschaffen und hat keine Freude am Untergang der Lebenden.
Weisheit	Wis	70	1	14	Denn alle Dinge hat er zum Sein geschaffen, und alles in der Welt Erzeugte ist zum Heil da; in keinem findet sich das Gift des Verderbens, und das Totenreich hat nicht die Herrschaft auf Erden.
Weisheit	Wis	70	1	15	Denn die Gerechtigkeit ist unsterblich {= dem Tode nicht unterworfen}, [die Ungerechtigkeit aber führt den Tod herbei].
Weisheit	Wis	70	1	16	Die Gottlosen aber rufen den Tod herbei durch ihre Taten und Reden; sie halten ihn für einen Freund und verzehren sich in Sehnsucht nach ihm, sie schließen einen Bund mit ihm, weil sie es wert sind, ihm als Beute zuzufallen.
Weisheit	Wis	70	2	1	Sie sagen nämlich bei sich selbst (oder zueinander), indem sie verkehrt urteilen: »Kurz und mühselig ist unser Leben; wenn es mit dem Menschen zu Ende geht, gibt es kein Heilmittel, und bekannt ist uns keiner, der aus der Unterwelt gerettet hätte.
Weisheit	Wis	70	2	2	Denn durch Zufall sind wir entstanden, und nachher werden wir sein, als wären wir nie dagewesen; denn Dunst ist der Odem in unserer Nase und das Denken nur ein Funke, der durch die Bewegung unseres Herzens entsteht;
Weisheit	Wis	70	2	3	erlischt dieser Funke, so wird der Leib zu Asche, und der Geist verfliegt wie dünne Luft.
Weisheit	Wis	70	2	4	Selbst unser Name gerät mit der Zeit in Vergessenheit, und niemand gedenkt mehr unserer Taten; unser Leben geht vorüber wie die Spur einer Wolke und wird verweht wie Nebel, den die Strahlen der Sonne verscheuchen und den ihre Wärme zum Sinken bringt.
Weisheit	Wis	70	2	5	Ein Schatten, der vorüberzieht, das ist unser Leben, und eine Wiederkehr unseres Endes gibt es nicht; denn fest versiegelt ist’s, und zurück kommt keiner«.
Weisheit	Wis	70	2	6	»So kommt denn und laßt uns die Güter genießen, die uns zu Gebote stehen, und laßt uns eifrig die Welt ausnützen, da wir noch jung sind!
Weisheit	Wis	70	2	7	Mit kostbarem Wein und mit Salben wollen wir uns reichlich bedenken, und keine Frühlingsblume soll ungepflückt bleiben;
Weisheit	Wis	70	2	8	mit Rosenknospen wollen wir uns bekränzen, ehe sie verblühen, [keine Aue soll es geben, die wir nicht schwelgend durchstreifen]!
Weisheit	Wis	70	2	9	Keiner von uns halte sich fern von unserem Wohlleben; überall sollen die Spuren unseres Frohsinns zurückbleiben; denn das ist unser Teil und unser Los.
Weisheit	Wis	70	2	10	Laßt uns gegen den armen Gerechten gewalttätig vorgehen, gegen keine Witwe Schonung üben und dem grauen Haar des hochbetagten Greises keine Achtung beweisen!
Weisheit	Wis	70	2	11	Nein, unsere Kraft soll der Maßstab für unser Rechtsverfahren sein, denn was schwach ist, erweist sich als wertlos.
Weisheit	Wis	70	2	12	Dem Gerechten wollen wir aufsässig sein, weil er uns unbequem ist und unserm Tun entgegentritt, weil er uns Übertretungen des Gesetzes vorhält und uns Verfehlungen gegen die Zucht zum Vorwurf macht.
Weisheit	Wis	70	2	13	Er rühmt sich, Gotteserkenntnis zu besitzen, und nennt sich selbst einen Gottesknecht.
Weisheit	Wis	70	2	14	Er ist für uns eine beständige Anklage unserer Denkweise geworden, lästig ist er uns schon durch seinen Anblick;
Weisheit	Wis	70	2	15	denn seine Lebensweise weicht von der aller anderen ab, und sein ganzes Verhalten ist völlig verschieden.
Weisheit	Wis	70	2	16	Wir gelten ihm als falsche Münze, und er hält sich fern von unserm Tun und Lassen wie von Schmutz. Er preist das Endlos der Gerechten glücklich und prahlt mit Gott als seinem Vater.
Weisheit	Wis	70	2	17	Nun, wir wollen sehen, ob er mit seinen Worten recht hat, und wollen abwarten, wie sein Ausgang sich gestalten wird.
Weisheit	Wis	70	2	18	Denn ist der Gerechte wirklich ein Kind Gottes, so wird der ihm Beistand leisten und ihn aus der Gewalt seiner Widersacher erretten.
Weisheit	Wis	70	2	19	Mit Hohn und Mißhandlung wollen wir ihn auf die Probe stellen, um seine Sanftmut kennen zu lernen und seine Standhaftigkeit in Leiden zu prüfen;
Weisheit	Wis	70	2	20	zu schmachvollem Tode wollen wir ihn verurteilen, denn Rettung wird ihm ja, wie er behauptet, zuteil werden«.
Weisheit	Wis	70	2	21	So denken sie und gehen daher irre, denn ihre Bosheit macht sie blind;
Weisheit	Wis	70	2	22	sie haben keine Kenntnis von Gottes Geheimnissen {= geheimen Ratschlüssen}, haben keine Hoffnung auf einen Lohn für die Frömmigkeit und wollen nichts wissen von einem Ehrenpreis für unsträfliche Seelen.
Weisheit	Wis	70	2	23	Denn Gott hat den Menschen zur Unvergänglichkeit geschaffen und ihn zum Abbild seines eigenen Wesens gemacht;
Weisheit	Wis	70	2	24	aber durch den Neid des Teufels ist der Tod in die Welt gekommen, den die zu schmecken bekommen, welche jenem {d.h. dem Teufel} angehören.
Weisheit	Wis	70	3	1	Die Seelen der Gerechten aber sind in Gottes Hand, und keine Qual berührt sie;
Weisheit	Wis	70	3	2	sie scheinen tot zu sein nach der Meinung der Toren, ihr Dahingang wird als ein Unglück angesehen
Weisheit	Wis	70	3	3	und ihre Trennung von uns als eine Vernichtung; sie aber sind im Frieden.
Weisheit	Wis	70	3	4	Denn wenn sie auch nach der Ansicht der Menschen gestraft wurden, so war doch ihre Hoffnung ganz vom Unsterblichkeitsglauben erfüllt;
Weisheit	Wis	70	3	5	und nachdem sie eine kurze Leidenszeit überstanden haben, werden sie mit hohem Glück gesegnet werden, denn Gott hat sie nur geprüft und sie seiner würdig erfunden.
Weisheit	Wis	70	3	6	Wie Gold im Schmelzofen hat er sie erprobt und wie die Gabe eines Ganzopfers sie angenommen.
Weisheit	Wis	70	3	7	So werden sie denn zur Zeit ihrer Gnadenheimsuchung hell glänzen und wie Funken durch dürres Schilfrohr fahren;
Weisheit	Wis	70	3	8	sie werden die Heiden richten und über Völker herrschen, und der Herr wird ihr König sein ewiglich.
Weisheit	Wis	70	3	9	Die auf ihn vertraut haben, werden die Wahrheit erkennen, und die treu gewesen sind, werden in Liebe bei ihm verbleiben; denn Gnade und Erbarmen wird seinen Frommen zuteil und Schutz seinen Auserwählten.
Weisheit	Wis	70	3	10	Die Gottlosen aber werden ihrer Denkweise gemäß Strafe erleiden, sie, die den Gerechten verachtet haben und vom Herrn abgefallen sind;
Weisheit	Wis	70	3	11	denn wer Weisheit und Zucht mißachtet, ist elend; die Hoffnung solcher Menschen ist eitel, ihr Bemühen erfolglos und ihr ganzes Tun nutzlos.
Weisheit	Wis	70	3	12	Ihre Weiber sind Törinnen und ihre Kinder böse, verflucht ihre Nachkommenschaft.
Weisheit	Wis	70	3	13	Glücklich zu preisen ist eine kinderlose Ehefrau, die sich unsträflich erhalten, die kein sündenbeflecktes Lager kennen gelernt hat: sie wird ihren Lohn empfangen bei der Prüfung der Seelen.
Weisheit	Wis	70	3	14	Glücklich auch der Entmannte, der nichts Gesetzwidriges in seinem Leben verübt und nichts Böses gegen den Herrn ersonnen hat; denn ihm wird ein herrlicher Gnadenlohn für seine Treue verliehen werden und ein herzerfreuender Besitzanteil im Tempel des Herrn.
Weisheit	Wis	70	3	15	Denn die Frucht edler Bestrebungen ist herrlich, und die Wurzel der Weisheit stirbt nicht ab.
Weisheit	Wis	70	3	16	Aber die Kinder von Ehebrechern gelangen nicht zur Vollendung, und alle, die aus gesetzwidrigem Ehebett hervorgegangen sind, gehen zugrunde.
Weisheit	Wis	70	3	17	Und sollten sie es auch zu einem längeren Leben bringen, so werden sie doch für nichts geachtet werden, und ihr Alter wird schließlich ungeehrt sein.
Weisheit	Wis	70	3	18	Sollten sie aber plötzlich {= frühzeitig} sterben, so haben sie keine Hoffnung und am Tage der Entscheidung keinen Trost;
Weisheit	Wis	70	3	19	denn das Ende eines gottlosen Geschlechts ist schlimm.
Weisheit	Wis	70	4	1	Besser ist Kinderlosigkeit im Verein mit Tugend; denn Unsterblichkeit wohnt ihrem Nachruhm bei, weil sie sowohl bei Gott als bei den Menschen bekannt ist.
Weisheit	Wis	70	4	2	Solange sie da ist, eifert man ihr nach, und ist sie geschwunden, so sehnt man sich nach ihr, und in der Ewigkeit schreitet sie, mit dem Kranze auf dem Haupte, als Siegerin einher, nachdem sie im Wettkampfe fleckenloser Bestrebungen gesiegt hat.
Weisheit	Wis	70	4	3	Aber die große Kinderschar der Gottlosen bringt ihnen keinen Gewinn; aus unechten Schößlingen bestehend, treibt sie keine Wurzel in die Tiefe und faßt keinen festen Stand im Erdgrunde.
Weisheit	Wis	70	4	4	Denn wenn sie auch eine Zeit lang mit den Zweigen hoch emporschießt, so wird doch das täuschend zum Vorschein Gekommene vom Wind hin und her geschüttelt und von der Gewalt der Stürme entwurzelt.
Weisheit	Wis	70	4	5	Ringsum werden die unentwickelten Zweige abgebrochen, ihre Früchte bleiben unbrauchbar, ungenießbar und zu nichts tauglich;
Weisheit	Wis	70	4	6	denn Kinder, die aus gesetzwidrigem Beischlaf hervorgegangen sind, legen gegen ihre Eltern das Zeugnis der Schlechtigkeit ab, wenn’s zu deren Prüfung kommt.
Weisheit	Wis	70	4	7	Der Gerechte dagegen, auch wenn er frühzeitig stirbt, ist in der Ruhe;
Weisheit	Wis	70	4	8	denn nicht das langdauernde Alter ist der Ehre wert und wird nicht nach der Zahl der Jahre gemessen;
Weisheit	Wis	70	4	9	nein, das wahre graue Haar ist für die Menschen die Einsicht und das wahre Greisenalter ein fleckenloses Leben.
Weisheit	Wis	70	4	10	Weil er sich Gottes Wohlgefallen erworben hatte, wurde er entrückt;
Weisheit	Wis	70	4	11	er wurde entführt, damit nicht die Schlechtigkeit seinen Sinn verdürbe und Arglist seine Seele verführte.
Weisheit	Wis	70	4	12	Denn das Blendwerk der Schlechtigkeit verdunkelt das Gute, und der Taumel der Sinnenlust wandelt auch ein unschuldiges Herz um.
Weisheit	Wis	70	4	13	Wer in kurzer Zeit zur Vollendung gelangt ist, hat lange Zeiten erfüllt;
Weisheit	Wis	70	4	14	denn wohlgefällig war seine Seele dem Herrn, darum eilte sie hinweg aus der Mitte der Bösen.
Weisheit	Wis	70	4	15	Die Leute sahen es wohl, verstanden es aber nicht und nahmen die Tatsache nicht zu Herzen, daß Gnade und Erbarmen bei seinen Auserwählten ist und Hilfeleistung bei seinen Frommen.
Weisheit	Wis	70	4	16	Der Gerechte aber, der das Leiden bestanden hat, wird die Verurteilung der noch lebenden Gottlosen herbeiführen und ebenso die früh zur Vollendung gelangte Jugend die Verurteilung des an Jahren reichen Greisenalters der Ungerechten.
Weisheit	Wis	70	4	17	Denn sie werden das Ende des Weisen wahrnehmen, doch nicht erkennen, was Gott über ihn beschlossen und warum der Herr ihn in Sicherheit gebracht hat.
Weisheit	Wis	70	4	18	Sie werden es wahrnehmen, doch es unbeachtet lassen; sie selbst aber wird der Herr verlachen; und sie werden darnach zu einem verachteten Leichnam werden und zum Gegenstand des Spottes unter den Toten ewiglich.
Weisheit	Wis	70	4	19	Denn er wird sie kopfüber hinabstürzen, während sie lautlos (vor Schrecken) dastehen, und sie von Grund aus erschüttern; sie werden völlig verwüstet werden und Qualen erleiden, und das Andenken an sie wird erlöschen.
Weisheit	Wis	70	4	20	Zitternd werden sie herankommen, wenn ihre Sünden zusammengerechnet werden, und ihre Missetaten werden als Ankläger sie unwiderleglich überführen.
Weisheit	Wis	70	5	1	Alsdann wird der Gerechte mit voller Zuversicht denen gegenübertreten, die ihn bedrängt und seine Leiden unbeachtet gelassen haben.
Weisheit	Wis	70	5	2	Wenn sie ihn erblicken, werden sie von schrecklicher Furcht befallen werden und über seine unerwartete Rettung außer sich sein.
Weisheit	Wis	70	5	3	Reuevoll werden sie zueinander sagen und, in ihrer Seelenangst seufzend, sprechen: »Dieser war es, den wir einst zum Gegenstand des Gelächters und zum Witzwort des Hohns gemacht haben!
Weisheit	Wis	70	5	4	Wir Toren hielten seine Lebensweise für Wahnsinn und seinen Tod für ehrlos.
Weisheit	Wis	70	5	5	Wie kommt’s denn, daß er nun den Kindern Gottes zugerechnet worden ist und seinen Erbbesitz unter den Heiligen hat?
Weisheit	Wis	70	5	6	Ja, wir sind abgeirrt vom Wege der Wahrheit; das Licht der Gerechtigkeit hat uns nicht geleuchtet, und die Sonne ist uns nicht aufgegangen!
Weisheit	Wis	70	5	7	Wir fanden unsere Befriedigung auf den Pfaden der Gesetzwidrigkeit und des Verderbens und durchwanderten unwegsame Wüsten, aber den Weg des Herrn erkannten wir nicht.
Weisheit	Wis	70	5	8	Was hat uns nun unser Übermut genützt, und wozu hat uns der Reichtum mitsamt der eitlen Prahlerei geholfen?
Weisheit	Wis	70	5	9	Das alles ist verschwunden wie ein Schatten und wie ein flüchtiges Gerücht;
Weisheit	Wis	70	5	10	wie ein Schiff, das die wogende See durchfährt, von dem man, wenn es vorübergezogen ist, keine Spur mehr findet und bei dem die Bahn seines Kiels verschwunden ist.
Weisheit	Wis	70	5	11	Oder wie von einem Vogel, der durch die Luft fliegt, keine Spur seines Flugs erhalten bleibt – durch den Flügelschlag wird wohl die leichte Luft in starke Bewegung gesetzt und wird durchzogen, indem die rauschende Kraft der geschwungenen Flügel sie durchschneidet, aber darnach ist keine Spur des Aufflugs mehr sichtbar –;
Weisheit	Wis	70	5	12	oder wie, wenn ein Pfeil nach dem Ziel abgeschossen wird, die durchschnittene Luft sofort wieder zusammenfließt, so daß man von seiner Flugbahn nichts mehr erkennen kann:
Weisheit	Wis	70	5	13	so sind auch wir nach der Geburt sogleich wieder gestorben und vermögen kein Zeichen von Tugend aufzuweisen, sondern haben uns in unserem bösen Lebenswandel aufgerieben«.
Weisheit	Wis	70	5	14	Ja, die Hoffnung des Gottlosen gleicht der Spreu, die der Wind entführt, und dem feinen Reif, den der Sturm verweht, dem Rauche, den der Wind auseinandertreibt, und der schnell entschwindenden Erinnerung an einen Gast, der nur einen Tag verweilt hat.
Weisheit	Wis	70	5	15	Die Gerechten aber leben in Ewigkeit; sie haben ihren Lohn im Herrn, und die Sorge für sie steht beim Höchsten.
Weisheit	Wis	70	5	16	Darum werden sie das Reich der Herrlichkeit und die Krone der Schönheit aus der Hand des Herrn empfangen; denn mit seiner Rechten wird er sie beschützen und mit seinem Arme sie beschirmen.
Weisheit	Wis	70	5	17	Als Rüstung wird er seinen Eifer anlegen, und die ganze Schöpfung {= Natur} bewaffnen zur Abwehr der Feinde;
Weisheit	Wis	70	5	18	als Harnisch wird er die Gerechtigkeit anziehen und als Helm aufsetzen streng aufrichtiges Gericht;
Weisheit	Wis	70	5	19	als unüberwindlichen Schild wird er seine Heiligkeit nehmen
Weisheit	Wis	70	5	20	und jähen Zorn als Schwert schärfen, und die ganze Welt wird mit ihm den Kampf gegen die Toren führen.
Weisheit	Wis	70	5	21	Ausfahren werden wohlgezielte Blitzesgeschosse und aus den Wolken wie vom wohlgerundeten Bogen auf das Ziel hin fliegen;
Weisheit	Wis	70	5	22	und von seiner Schleuder werden grimmerfüllte Hagelsteine geschleudert werden; die Fluten des Meeres werden gegen sie wüten, und Ströme werden ungestüm über ihnen zusammenschlagen.
Weisheit	Wis	70	5	23	Der Hauch der Allmacht wird sich gegen sie erheben und wie ein Wirbelsturm sie zerstreuen. So wird die Gottlosigkeit die ganze Erde verwüsten und die Übeltat die Throne der Machthaber umstürzen.
Weisheit	Wis	70	6	1	Hört also, ihr Könige, und seid verständig! nehmt Lehre an, ihr Herrscher der Enden der Erde!
Weisheit	Wis	70	6	2	Horcht auf, die ihr die Menge regiert und stolz seid auf die große Zahl eurer Völker!
Weisheit	Wis	70	6	3	Denn die Herrschaft ist euch vom Herrn verliehen und die Gewalt vom Höchsten,
Weisheit	Wis	70	6	4	der eure Taten prüfen und eure Pläne erforschen wird.
Weisheit	Wis	70	6	5	Denn obgleich ihr Diener seines Reiches seid, habt ihr ungerecht gerichtet und weder das Gesetz beobachtet, noch euren Wandel nach dem Willen Gottes geführt.
Weisheit	Wis	70	6	6	Schrecklich und gar bald wird er über euch kommen, denn ein strenges Gericht findet bei den Machthabern statt.
Weisheit	Wis	70	6	7	Denn der Geringe findet Verzeihung aus Erbarmen, aber die Gewaltigen werden gewaltig gezüchtigt werden;
Weisheit	Wis	70	6	8	denn der Allherrscher nimmt auf niemand Rücksicht und scheut sich vor keiner Größe; denn klein und groß hat er geschaffen, und für alle sorgt er in gleicher Weise.
Weisheit	Wis	70	6	9	Den Mächtigen aber steht eine strenge Untersuchung bevor.
Weisheit	Wis	70	6	10	Euch also, ihr Fürsten, gelten meine Worte, damit ihr Weisheit lernt und euch nicht vergeht.
Weisheit	Wis	70	6	11	Denn die, welche das Heilige heilig beobachten, werden selbst geheiligt werden, und die darin Belehrung erhalten haben, werden Rechtfertigung (oder Freisprechung) erlangen.
Weisheit	Wis	70	6	12	So seid also begierig nach meinem Unterricht, tragt Verlangen danach, so werdet ihr Belehrung gewinnen.
Weisheit	Wis	70	6	13	Strahlend und unverwelklich ist die Weisheit und läßt sich leicht erschauen von denen, die sie lieben, und leicht finden von denen, die sie suchen;
Weisheit	Wis	70	6	14	ja, sie kommt denen zuvor, die nach ihr verlangen, um erkannt zu werden.
Weisheit	Wis	70	6	15	Wer sich früh am Morgen nach ihr aufmacht, braucht sich nicht lange zu mühen, denn er findet sie schon an seiner Tür sitzend.
Weisheit	Wis	70	6	16	Denn sich in Gedenken mit ihr beschäftigen ist der Höhepunkt der Einsicht, und wer um ihretwillen wacht, wird bald frei von Sorgen sein.
Weisheit	Wis	70	6	17	Denn sie selbst geht umher und sucht die ihrer Würdigen auf; sie erscheint ihnen bereitwillig auf allen ihren Wegen und tritt ihnen bei jedem Gedanken entgegen.
Weisheit	Wis	70	6	18	Der Anfang zu ihr ist das völlig aufrichtige Verlangen nach Belehrung; Sorge um Belehrung aber ist Liebe zu ihr;
Weisheit	Wis	70	6	19	Liebe zu ihr aber besteht in der Beobachtung ihrer Gebote; das Festhalten an ihren Geboten aber ist Sicherstellung der Unsterblichkeit;
Weisheit	Wis	70	6	20	Unsterblichkeit aber bewirkt, daß man Gott nahe ist.
Weisheit	Wis	70	6	21	So führt also das Verlangen nach Weisheit zur Herrschaft.
Weisheit	Wis	70	6	22	Also, ihr Beherrscher der Völker: wenn ihr Freude an euren Thronen und Zeptern erleben wollt, so ehrt die Weisheit, damit ihr die Herrschaft für immer behaltet.
Weisheit	Wis	70	6	23	Was aber die Weisheit ist und wie sie entstanden ist, will ich verkünden und nicht Geheimnisse vor euch verbergen, sondern vom Anfang der Schöpfung an will ich nachforschen und ihre Kenntnis offen darlegen, ohne an der Wahrheit vorbeizugehen.
Weisheit	Wis	70	6	24	Auch will ich nicht im Bunde mit dem hagern Neide kommen, denn dieser hat mit der Weisheit nichts gemein.
Weisheit	Wis	70	6	25	Eine große Anzahl von Weisen ist aber ein Glück für die Welt, und ein verständiger König ist ein Segen für das Volk.
Weisheit	Wis	70	6	26	Darum laßt euch durch meine Worte unterweisen: das wird euch Nutzen bringen.
Weisheit	Wis	70	7	1	Auch ich bin zwar ein sterblicher Mensch gleich allen anderen und ein Abkömmling des erdgeborenen Ersterschaffenen;
Weisheit	Wis	70	7	2	dem Körper nach bin ich im Schoße meiner Mutter in zehnmonatlicher Frist gebildet, zusammengeronnen im Blut aus Mannessamen und der im Beischlaf sich zugesellenden Lust.
Weisheit	Wis	70	7	3	Auch ich sog nach meiner Geburt die allen gemeinsame Luft ein und fiel auf die Erde, wie das alle Kinder tun, indem ich den ersten Schrei auf die allen gleiche Weise weinend ausstieß;
Weisheit	Wis	70	7	4	in Windeln wurde ich aufgezogen und unter Sorgen.
Weisheit	Wis	70	7	5	Denn kein König hat einen andern Anfang seines Daseins gehabt: nein,
Weisheit	Wis	70	7	6	alle treten in gleicher Weise ins Leben ein und aus dem Leben hinaus.
Weisheit	Wis	70	7	7	Darum betete ich, da wurde mir Einsicht verliehen; ich rief Gott an, da zog der Geist der Weisheit in mich ein.
Weisheit	Wis	70	7	8	Ich schätzte sie höher als Zepter und Thron und achtete den Reichtum für nichts im Vergleich mit ihr;
Weisheit	Wis	70	7	9	keinen noch so unschätzbaren Edelstein stellte ich ihr gleich; denn alles Gold ist neben ihr nur ein bißchen Sand, und Silber wird im Vergleich mit ihr als Unrat angesehen.
Weisheit	Wis	70	7	10	Mehr als Gesundheit und Schönheit liebte ich sie und zog ihren Besitz sogar dem Lichte vor, weil die von ihr ausgehende Helligkeit nie erlischt.
Weisheit	Wis	70	7	11	Es kamen aber zugleich mit ihr alle anderen Güter in meinen Besitz, und ungezählten Reichtum brachte sie mit.
Weisheit	Wis	70	7	12	Ich freute mich aber aller dieser Dinge, weil die Weisheit ihre Führerin ist; ich wußte aber noch nicht, daß sie auch die Erzeugerin von ihnen allen ist.
Weisheit	Wis	70	7	13	Ohne Hintergedanken habe ich sie kennen gelernt, und ohne Neid mache ich jetzt Mitteilung davon; ich will ihren Reichtum nicht für mich zurückbehalten;
Weisheit	Wis	70	7	14	denn ein unerschöpflicher Schatz ist sie für die Menschen; alle, die ihn benutzen, verwenden ihn dazu, Freundschaft mit Gott zu schließen, dem sie sich durch die aus der Zucht stammenden Gaben empfohlen haben.
Weisheit	Wis	70	7	15	Mir aber möge Gott verleihen, nach meinem Wunsche (oder der Einsicht gemäß?) zu reden und Erwägungen anzustellen, die der mir verliehenen Gabe würdig sind; denn er ist ebensowohl der Führer zur Weisheit als auch der Wegweiser {= Lenker} der Weisen.
Weisheit	Wis	70	7	16	In seiner Hand sind ja sowohl wir als auch unsere Worte und jegliche Einsicht und jedes Geschick für geschäftliche Leistungen.
Weisheit	Wis	70	7	17	So hat er denn auch mir ein untrügliches Wissen von den Dingen verliehen, so daß ich mich auf den Bau der Welt und auf die Kraft der Elemente verstehe,
Weisheit	Wis	70	7	18	auf den Anfang und das Ende und die Mitte der Zeiten, auf den Wandel der Sonnenwenden und den Wechsel der Jahreszeiten,
Weisheit	Wis	70	7	19	auf den Kreislauf der Jahre und die Stellungen der Gestirne,
Weisheit	Wis	70	7	20	auf die verschiedenartige Natur der Tiere und die wilden Triebe der Raubtiere, auf die gewaltigen Kräfte der Geister und die Gedanken der Menschen, auf die Verschiedenheiten der Pflanzen und die Heilkräfte der Wurzeln.
Weisheit	Wis	70	7	21	Alles, was verborgen und offenbar ist, habe ich kennen gelernt; denn die Künstlerin von allen hat es mich gelehrt, die Weisheit.
Weisheit	Wis	70	7	22	Denn in ihr wohnt ein Geist: denkend, heilig, eigenartig, vielteilig, fein, beweglich, durchsichtig, unbefleckbar, klar, unverletzlich, das Gute liebend, scharfsinnig, nicht zu hemmen, wohltätig, menschenfreundlich,
Weisheit	Wis	70	7	23	fest ohne Fehl, sorgenfrei, allgewaltig, alles übersehend und alle denkenden, reinen und feinen Geister durchdringend.
Weisheit	Wis	70	7	24	Denn die Weisheit ist beweglicher als alles andere, was sich bewegt; sie dringt und geht durch alles hindurch vermöge ihrer Reinheit.
Weisheit	Wis	70	7	25	Denn sie ist ein Hauch der Kraft Gottes und ein lauterer Ausfluß aus der Herrlichkeit des Allmächtigen; darum gerät auch nichts Beflecktes in sie hinein.
Weisheit	Wis	70	7	26	Denn sie ist ein Abglanz des ewigen Lichts und ein fleckenloser Spiegel des göttlichen Wirkens und ein Abbild seiner Güte.
Weisheit	Wis	70	7	27	Obgleich sie nur eine ist, vermag sie doch alles, und obgleich sie immer dieselbe bleibt, erneuert sie doch alles; und indem sie von Geschlecht zu Geschlecht in heilige Seelen eingeht, rüstet sie diese zu Gottesfreunden und Propheten aus.
Weisheit	Wis	70	7	28	Denn nichts liebt Gott als den, der mit der Weisheit in vertrauter Gemeinschaft lebt.
Weisheit	Wis	70	7	29	Denn sie ist herrlicher als die Sonne und übertrifft jegliche feste Stellung der Gestirne und, mit dem Lichte verglichen, stellt sie sich als vorzüglicher heraus;
Weisheit	Wis	70	7	30	denn auf dieses folgt die Nacht, aber gegen die Weisheit vermag die Bosheit nichts.
Weisheit	Wis	70	8	1	Sie erstreckt sich aber machtvoll von dem einen Ende zum andern und ordnet alles in der Welt vortrefflich.
Weisheit	Wis	70	8	2	Diese habe ich geliebt und erstrebt von meiner Jugend an; ich wünschte sehnlich, sie als meine Braut heimzuführen, und war in ihre Schönheit verliebt.
Weisheit	Wis	70	8	3	Ihren edlen Ursprung verherrlicht sie dadurch, daß sie mit Gott zusammenlebt, und auch der Gebieter des Alls hat sie liebgewonnen;
Weisheit	Wis	70	8	4	denn sie ist in Gottes Wissen eingeweiht und nimmt teil an seinem Wirken.
Weisheit	Wis	70	8	5	Wenn aber Reichtum ein wünschenswerter Besitz im Leben ist, was kann es da Reicheres geben als die Weisheit, die alles erschafft?
Weisheit	Wis	70	8	6	Und wenn schon die Klugheit etwas zustande bringt, wo gibt es da in der ganzen Welt einen tüchtigeren Werkmeister als sie?
Weisheit	Wis	70	8	7	Und wenn jemand die Gerechtigkeit liebt, so ist sie es, welche die Tugenden hervorbringt; denn Maßhalten und Klugheit lehrt sie, Gerechtigkeit und Tapferkeit {= Mannhaftigkeit}, die nützlichsten Besitztümer, die es für die Menschen in ihrem Leben gibt.
Weisheit	Wis	70	8	8	Wenn ferner jemand Verlangen nach reicher Lebenserfahrung trägt, so ist sie es, die das Vergangene kennt und das Zukünftige erschließt; sie versteht sich auch auf künstlich geformte Aussprüche und auf die Lösung von Rätseln; Zeichen und Wunder erkennt sie im voraus und ebenso die Ausgänge der Zeiten und Zeiträume.
Weisheit	Wis	70	8	9	So beschloß ich denn, diese als Lebensgenossin heimzuführen; ich wußte ja, daß sie mir im Glück eine Beraterin sein würde und eine Trösterin in Sorgen und Kümmernissen.
Weisheit	Wis	70	8	10	Um ihretwillen werde ich Ruhm bei der großen Menge haben und, obschon noch ein junger Mann, Ehre bei den Alten.
Weisheit	Wis	70	8	11	Als scharfsinnig werde ich erfunden werden bei der Rechtsprechung und Bewunderung ernten durch die Beurteilung der (fremden) Herrscher.
Weisheit	Wis	70	8	12	Wenn ich schweige, wird man auf mich warten, und wenn ich rede, wird man aufhorchen, und wenn ich länger rede, werden alle die Hand auf ihren Mund legen.
Weisheit	Wis	70	8	13	Durch ihr Verdienst werde ich Unsterblichkeit erlangen und ein ewiges Andenken bei der Nachwelt hinterlassen.
Weisheit	Wis	70	8	14	Völker werde ich regieren, und Völkerschaften werden mir untertan sein;
Weisheit	Wis	70	8	15	schreckliche Gewaltherrscher werden in Furcht geraten, wenn sie von mir hören; bei der großen Menge werde ich als gütig gelten und im Kriege als tapfer.
Weisheit	Wis	70	8	16	Bin ich nach Hause gekommen, so werde ich Erholung bei ihr finden; denn der Verkehr mit ihr hat nichts Bitteres und das Zusammenleben mit ihr nichts Betrübendes, sondern nur Frohsinn und Freude.
Weisheit	Wis	70	8	17	Dieses bei mir bedenkend und in meinem Herzen erwägend, daß nämlich Unsterblichkeit durch das Zusammenleben mit der Weisheit gewonnen wird
Weisheit	Wis	70	8	18	und edle Ergötzung durch die Freundschaft mit ihr und durch ihr erfolgreiches Wirken ein unerschöpflicher Reichtum und durch die dauernde Pflege des Verkehrs mit ihr Einsicht und durch die Teilnahme an ihren Unterweisungen Berühmtheit: – da ging ich umher und suchte sie in meinen Besitz zu bringen.
Weisheit	Wis	70	8	19	Ich war aber ein wohlbeanlagter junger Mann, besaß auch ein gutes Gemüt,
Weisheit	Wis	70	8	20	oder vielmehr, weil ich gutgeartet war, war ich in einen unbefleckten Leib gekommen.
Weisheit	Wis	70	8	21	Da ich aber erkannte, daß ich nur dann in ihren Besitz gelangen würde, wenn Gott sie mir verliehe, – und zwar war das schon ein Beweis von Einsicht, daß ich erkannte, von wem diese Gnadengabe komme, – da wandte ich mich an den Herrn und betete zu ihm und sprach aus ganzem Herzen:
Weisheit	Wis	70	9	1	Du Gott meiner Väter und Herr der Barmherzigkeit, der du das All durch dein Wort geschaffen
Weisheit	Wis	70	9	2	und durch deine Weisheit den Menschen gebildet hast, damit er über die von dir erschaffenen Geschöpfe herrsche
Weisheit	Wis	70	9	3	und die Welt regiere mit Heiligkeit und Gerechtigkeit und in Lauterkeit des Herzens Gericht halte {= die Herrschaft ausübe}:
Weisheit	Wis	70	9	4	verleihe mir die Weisheit, die Beisitzerin deines Thrones, und schließe mich nicht aus der Zahl deiner Kinder aus.
Weisheit	Wis	70	9	5	Denn ich bin dein Knecht und der Sohn deiner Magd, ein schwacher Mensch von kurzer Lebensdauer und wenig tüchtig an Einsicht für Rechtspflege und Gesetzeskenntnis.
Weisheit	Wis	70	9	6	Denn wäre jemand auch vollkommen unter den Menschenkindern, so müßte er doch, wenn ihm die von dir ausgehende Weisheit abginge, für nichts geachtet werden.
Weisheit	Wis	70	9	7	Du hast mich zum König deines Volkes auserwählt und zum Richter über deine Söhne und Töchter.
Weisheit	Wis	70	9	8	Du hast mir geboten, einen Tempel auf deinem heiligen Berge zu erbauen und einen Altar in der Stadt, wo du deine Wohnung hast, ein Abbild des heiligen Zeltes, das du von Anfang an zuvorbereitet hast.
Weisheit	Wis	70	9	9	Bei dir ist ja die Weisheit, die deine Werke kennt und die zugegen war, als du die Welt schufst, und die weiß, was in deinen Augen wohlgefällig und was recht ist nach deinen Geboten.
Weisheit	Wis	70	9	10	Entsende sie aus deinem heiligen Himmel und schicke sie vom Thron deiner Herrlichkeit, damit sie mir bei meiner Arbeit Beistand leiste und ich erkenne, was dir wohlgefällig ist.
Weisheit	Wis	70	9	11	Denn sie weiß und versteht alles und wird mich bei meinen Unternehmungen mit Besonnenheit leiten und mich durch ihren Lichtglanz behüten.
Weisheit	Wis	70	9	12	Alsdann wird mein ganzes Tun wohl aufgenommen werden, und ich werde dein Volk mit Gerechtigkeit regieren und des Thrones meines Vaters würdig sein.
Weisheit	Wis	70	9	13	Denn wo ist ein Mensch, der den Willen Gottes zu erkennen vermöchte, oder wer wird ergründen, was der Herr verlangt?
Weisheit	Wis	70	9	14	Denn die Gedanken der Sterblichen sind unsicher und unsere Anschläge trügerisch;
Weisheit	Wis	70	9	15	denn der vergängliche Leib beschwert die Seele, und die irdische Behausung belastet den denkeifrigen Geist.
Weisheit	Wis	70	9	16	Kaum erraten wir, was auf der Erde ist, und nur mit Mühe machen wir ausfindig, was handgreiflich vor uns liegt: wer aber hat die himmlischen Dinge ergründet?
Weisheit	Wis	70	9	17	Und wer hat deinen Ratschluß erkannt, wenn du ihm nicht Weisheit verliehen und ihm deinen heiligen Geist von obenher gesandt hast?
Weisheit	Wis	70	9	18	Nur auf diese Weise werden die Pfade der Erdenbewohner gerade gerichtet und die Menschen über das dir Wohlgefällige belehrt; ja, nur durch die Weisheit werden sie gerettet.
Weisheit	Wis	70	10	1	Sie ist es gewesen, die den erstgeschaffenen Vater der Menschheit, als er noch allein geschaffen war, behütet und ihn aus seinem Fall wieder errettet hat;
Weisheit	Wis	70	10	2	sie verlieh ihm auch die Kraft, sich alles untertan zu machen.
Weisheit	Wis	70	10	3	Als aber der Gottlose in seinem Zorn von ihr abfiel, ging er durch seine brudermörderische Leidenschaft mit zugrunde.
Weisheit	Wis	70	10	4	Die um seinetwillen überflutete Erde rettete wiederum die Weisheit, indem sie den Gerechten vermittelst eines geringen Holzes (durch die Flut) hindurchsteuerte.
Weisheit	Wis	70	10	5	Sie war es auch, die, als die Völker sich einmütig in Verworfenheit zusammengetan hatten, den Gerechten ausfindig machte und ihn unsträflich vor Gott bewahrte und ihn trotz seiner herzlichen Liebe zu seinem Sohn stark erhielt.
Weisheit	Wis	70	10	6	Sie rettete beim Untergang der Gottlosen den Gerechten, als er vor dem Feuer floh, das auf die fünf Städte herabfiel,
Weisheit	Wis	70	10	7	für deren Bosheit noch jetzt als Zeugen da sind die verödete, stets rauchende Landschaft und Pflanzen, die vor der Zeit unreife Früchte tragen, und die Salzsäule, die als Denkmal einer ungläubigen Seele dasteht.
Weisheit	Wis	70	10	8	Denn da sie an der Weisheit vorübergingen, erlitten sie nicht nur dadurch Schaden, daß sie das Gute nicht mehr kannten, sondern sie hinterließen auch der Nachwelt ein Denkmal ihrer Torheit, damit ihre Verfehlungen nicht verborgen bleiben könnten.
Weisheit	Wis	70	10	9	Die Weisheit aber hat die, welche ihr dienten, aus den Notlagen errettet.
Weisheit	Wis	70	10	10	Sie hat den Gerechten, der vor dem Zorn seines Bruders floh, auf ebenen Pfaden geleitet; sie zeigte ihm das Reich Gottes und gab ihm Kenntnis von den heiligen Dingen, verschaffte ihm Wohlstand unter mühseligen Dienstleistungen und lohnte seine Arbeit reichlich.
Weisheit	Wis	70	10	11	Bei der Habgier seiner Bedränger stand sie ihm bei und ließ ihn reich werden;
Weisheit	Wis	70	10	12	sie beschützte ihn vor seinen Feinden und stellte ihn sicher gegen die, welche ihm nachstellten; sie verlieh ihm den Sieg in dem schweren Kampfe, damit er zu der Erkenntnis käme, daß die Gottesfurcht stärker ist als alles andere. –
Weisheit	Wis	70	10	13	Sie verließ den Gerechten auch nicht, als man ihn verkauft hatte, sondern bewahrte ihn vor der Sünde;
Weisheit	Wis	70	10	14	sie stieg mit ihm in die Zisterne {oder ins Gefängnis?} hinab und verließ ihn nicht in Fesseln, bis sie ihm das königliche Zepter verschafft hatte und die Herrschaft über seine Bedränger und seine Verleumder als Lügner erwiesen und ihm ewigen Ruhm verliehen hatte.
Weisheit	Wis	70	10	15	Sie war es, die das heilige Volk und das untadlige Geschlecht von dem Volksstamm der Bedränger befreite;
Weisheit	Wis	70	10	16	sie zog ein in die Seele des Dieners des Herrn und trat gegen furchtbare Könige mit Zeichen und Wundern auf.
Weisheit	Wis	70	10	17	Sie verschaffte den Heiligen den Lohn für ihre Mühen, geleitete sie auf wunderbaren Wegen und diente ihnen am Tage als Schirmdecke und bei Nacht als Sternenleuchte.
Weisheit	Wis	70	10	18	Sie brachte sie durch das Rote Meer und führte sie durch die gewaltige Wasserflut;
Weisheit	Wis	70	10	19	ihre Feinde aber ließ sie in die Wogen versinken und schleuderte sie dann aus der Tiefe des Meeresgrundes wieder ans Land empor.
Weisheit	Wis	70	10	20	So geschah es denn, daß die Gerechten den Gottlosen die Waffen abnahmen und deinem heiligen Namen, o Herr, lobsangen und einmütig deine schirmende Hand priesen;
Weisheit	Wis	70	10	21	denn die Weisheit öffnete den Stummen den Mund und machte die Zungen der Unmündigen helltönend.
Weisheit	Wis	70	11	1	Sie ließ ihre Unternehmungen gelingen unter der Leitung des heiligen Propheten.
Weisheit	Wis	70	11	2	Sie durchwanderten eine unbewohnte Wüste und schlugen ihre Zelte an unwegsamen Orten auf;
Weisheit	Wis	70	11	3	sie hatten mit Feinden zu kämpfen und Angreifer zurückzuschlagen.
Weisheit	Wis	70	11	4	Sie litten Durst: da riefen sie dich an, und es wurde ihnen Wasser gegeben aus schroffen Felsen und Linderung ihres Durstes aus hartem Gestein.
Weisheit	Wis	70	11	5	Denn das, wodurch ihre Feinde gestraft worden waren, ebendasselbe empfingen sie in ihrer Not als eine Wohltat.
Weisheit	Wis	70	11	6	Anstatt des immerfließenden Quellwassers des durch Mordblut getrübten Stromes,
Weisheit	Wis	70	11	7	zur Strafe für die Anordnung des Kindermordes, gabst du ihnen unverhofft Trinkwasser in Fülle,
Weisheit	Wis	70	11	8	indem du ihnen durch ihren damaligen Durst zeigtest, wie du ihre Widersacher gestraft hattest.
Weisheit	Wis	70	11	9	Denn als sie so geprüft wurden – obgleich sie doch nur gelinde gezüchtigt wurden –, konnten sie erkennen, wie die im Zorn gerichteten Gottlosen bestraft wurden.
Weisheit	Wis	70	11	10	Denn sie hast du wie ein Vater geprüft, der warnen will, jene aber hast du gezüchtigt wie ein strenger König, der das Verdammungsurteil ausspricht.
Weisheit	Wis	70	11	11	Sowohl fern von ihnen, wie nahe bei ihnen wurden sie in gleicher Weise geplagt;
Weisheit	Wis	70	11	12	denn eine zwiefache Trauer ergriff sie und ein Seufzen bei der Erinnerung an das, was vergangen war.
Weisheit	Wis	70	11	13	Denn als sie vernahmen, daß durch ihre Züchtigungen jenen eine Wohltat zuteil geworden war, merkten sie das Walten des Herrn;
Weisheit	Wis	70	11	14	denn ihn, den sie einst bei der Aussetzung weggeworfen und mit Hohn verworfen hatten, mußten sie am Ende seiner Erfolge bewundern, nachdem sie einen ganz andern Durst erlitten hatten als die Gerechten.
Weisheit	Wis	70	11	15	Zur Vergeltung für die unverständigen Gedanken ihrer Gottlosigkeit, durch die sie in ihrem Irrwahn vernunftloses Gewürm und elendes Getier verehrten, sandtest du ihnen, um sie zu strafen, eine Menge vernunftloser Tiere,
Weisheit	Wis	70	11	16	damit sie zu der Erkenntnis kämen, daß, wodurch man sich verfehlt, man eben dadurch auch gestraft wird.
Weisheit	Wis	70	11	17	Deine allmächtige Hand, welche die Welt aus ungeformtem Stoffe geschaffen hat, wäre ja wohl stark genug gewesen, eine Menge von Bären oder wilden Löwen gegen sie zu senden
Weisheit	Wis	70	11	18	oder auch neugeschaffene, wuterfüllte, unbekannte Bestien, die entweder einen feuerspeienden Atem aushauchten oder stinkenden Qualm ausstießen oder schreckliche Funken aus den Augen sprühten,
Weisheit	Wis	70	11	19	von denen nicht nur der Gifthauch sie vernichten, sondern deren bloßer Anblick sie durch Schrecken ums Leben bringen konnte.
Weisheit	Wis	70	11	20	Ja, abgesehen hiervon hätten sie durch einen einzigen Hauch hinsinken können, von deiner Rache verfolgt und vom Hauche deiner Macht zerstreut; aber du hast alles nach Maß, Zahl und Gewicht geordnet.
Weisheit	Wis	70	11	21	Denn deine gewaltige Macht zu betätigen steht dir allezeit zu Gebote, und wer vermöchte der Kraft deines Armes zu widerstehen?
Weisheit	Wis	70	11	22	Denn wie ein Stäubchen an der Waage ist die ganze Welt dir gegenüber und wie ein Tautröpfchen, das am Morgen auf die Erde fällt.
Weisheit	Wis	70	11	23	Aber du erbarmst dich aller, weil du alles vermagst, und läßt die Sünden der Menschen unbeachtet, damit sie sich bekehren;
Weisheit	Wis	70	11	24	denn du liebst alles, was da ist, und fühlst keinen Widerwillen gegen irgend etwas von dir Geschaffenes; denn hegtest du Haß gegen irgend etwas, so hättest du es nicht geschaffen.
Weisheit	Wis	70	11	25	Wie hätte aber etwas bestehen bleiben können, wenn du es nicht gewollt hättest? oder wie wäre etwas erhalten geblieben, wenn es nicht von dir ins Dasein gerufen wäre?
Weisheit	Wis	70	11	26	Du verfährst aber schonungsvoll gegen alles, weil es dein Eigentum ist, o Herr, du Freund alles Lebens;
Weisheit	Wis	70	12	1	denn dein unvergänglicher Geist ist in allen.
Weisheit	Wis	70	12	2	Darum strafst du die Fehlenden mit Milde {oder allmählich?} und warnst sie, indem du ihnen ihre Sünden vorhältst, damit sie sich von ihrer Schlechtigkeit frei machen und an dich glauben, o Herr.
Weisheit	Wis	70	12	3	Denn du haßtest zwar die alten Bewohner deines heiligen Landes,
Weisheit	Wis	70	12	4	weil sie die abscheulichsten Werke der Zauberei trieben und frevelhafte Götterdienste feierten
Weisheit	Wis	70	12	5	und mitleidlose Kindermorde vollzogen und Opferschmäuse von Menschenfleisch und Blut hielten und sich in greuelvolle Vereine einweihen ließen {?}
Weisheit	Wis	70	12	6	und Eltern unter sich hatten, die mit eigener Hand Mörder hilfloser Kinderseelen waren, und hattest beschlossen, sie durch die Hände unserer Väter auszurotten,
Weisheit	Wis	70	12	7	damit das bei dir vor allen andern hochgeehrte Land eine der Gotteskinder würdige Bevölkerung erhielte.
Weisheit	Wis	70	12	8	Aber du bist auch mit diesen schonend verfahren, weil sie Menschen waren, und hast als Vortruppen deines Heeres Hornissen entsandt, die sie nach und nach vernichten sollten.
Weisheit	Wis	70	12	9	Und dabei wärest du doch stark genug gewesen, die Gottlosen in einer Schlacht den Gerechten in die Hände zu geben oder sie durch wilde Tiere oder durch ein kurzes Wort mit einem Schlage zu vernichten.
Weisheit	Wis	70	12	10	Aber indem du das Gericht nach und nach vollzogst, gabst du ihnen die Möglichkeit der Umkehr, obgleich du wohl wußtest, daß ihr Ursprung böse war und ihre Verworfenheit angeboren und daß ihre Sinnesart sich in Ewigkeit nicht ändern würde;
Weisheit	Wis	70	12	11	denn ein verfluchtes Geschlecht waren sie von Anfang an. Auch gewährtest du ihnen nicht etwa aus Scheu vor irgend jemandem Straflosigkeit für ihre Sünden;
Weisheit	Wis	70	12	12	denn wer darf zu dir sagen: »Was hast du da getan?« oder wer darf deinem Richterspruch entgegentreten? und wer will dich verklagen wegen der Vertilgung von Völkern, die du geschaffen hast? oder wer wollte gegen dich als Verteidiger gottloser Menschen auftreten?
Weisheit	Wis	70	12	13	Denn weder gibt es außer dir einen Gott, der für alles sorgt, so daß du ihm die Gerechtigkeit deines Gerichts nachweisen müßtest,
Weisheit	Wis	70	12	14	noch wird ein König oder Gebieter dir Vorhalt zu machen vermögen wegen derer, die du Strafe hast leiden lassen.
Weisheit	Wis	70	12	15	Da du aber gerecht bist, ordnest du auch alles mit Gerechtigkeit und hältst es für unvereinbar mit deiner Macht, jemand zu verurteilen, der keine Bestrafung verdient.
Weisheit	Wis	70	12	16	Denn deine Macht ist der Grund deiner Gerechtigkeit, und der Umstand, daß du der Herr aller bist, ist die Ursache, daß du gegen alle schonend verfährst.
Weisheit	Wis	70	12	17	Denn Stärke zeigst du nur dann, wenn man an der Vollkommenheit deiner Macht zweifelt, und bei denen, die sie kennen, strafst du den frevlen Trotz.
Weisheit	Wis	70	12	18	Du aber, obschon über Stärke gebietend, richtest doch mit Milde und herrschest über uns mit großer Schonung; denn sooft du willst, steht dir auch das Können zu Gebote.
Weisheit	Wis	70	12	19	Durch eine solche Handlungsweise hast du dein Volk darauf hingewiesen, daß der Gerechte ein Menschenfreund sein muß, und hast deine Söhne mit der frohen Hoffnung erfüllt, daß du ihnen nach Versündigung Reue gestattest.
Weisheit	Wis	70	12	20	Denn wenn du schon die Feinde deiner Kinder und solche, die den Tod verdient hatten, mit solcher Nachsicht und Schonung bestraft hast, indem du ihnen Zeit und die Möglichkeit gewährtest, sich von ihrer Verworfenheit frei zu machen,
Weisheit	Wis	70	12	21	mit wie großer Achtsamkeit hast du da erst deine Söhne gerichtet, deren Vätern du Eidschwüre und Bündnisse mit herrlichen Verheißungen gewährt hast!
Weisheit	Wis	70	12	22	Während du uns also züchtigst, geißelst du unsere Feinde tausendmal härter, damit, wenn wir selbst richten, wir deine Güte bedenken und, wenn wir gerichtet werden, auf Erbarmen hoffen.
Weisheit	Wis	70	12	23	Daher hast du auch die in der Torheit ihrer Lebensführung dahinlebenden Gottlosen durch ihre eigenen Greuel gestraft.
Weisheit	Wis	70	12	24	Denn sie waren auf den Wegen des Irrwahns ungebührlich weit abgeirrt, indem sie Tiere, die sogar von ihren Feinden verachtet wurden, für Götter hielten, weil sie nach Art einfältiger Kinder getäuscht waren.
Weisheit	Wis	70	12	25	Darum hast du über sie auch wie über törichte Kinder eine Strafe verhängt, die ihnen Hohn einbrachte.
Weisheit	Wis	70	12	26	Diejenigen aber, welche sich durch eine verhöhnende Strafe nicht haben warnen lassen, müssen ein Gericht erfahren, das Gottes würdig ist.
Weisheit	Wis	70	12	27	Denn durch eben die, über welche sie in ihrem Mißgeschick unwillig waren, durch eben die, welche sie für Götter hielten, gezüchtigt, erkannten sie deutlich, daß der Gott der wahre sei, den sie vorher nicht hatten anerkennen wollen. Darum kam auch das Äußerste der Bestrafung über sie.
Weisheit	Wis	70	13	1	Toren nämlich von Natur waren alle Menschen, die an Unkenntnis Gottes litten und nicht imstande waren, aus dem sichtbaren Guten den Seienden zu erkennen, und die bei der Betrachtung der Werke den Werkmeister nicht wahrnahmen,
Weisheit	Wis	70	13	2	sondern sei es das Feuer oder den Wind oder die flüchtige Luft oder den Kreis der Sterne oder das gewaltige Wasser oder die beiden großen Himmelsleuchten für weltregierende Götter hielten.
Weisheit	Wis	70	13	3	Wenn sie, durch die Schönheit dieser Dinge ergötzt, sie für Götter ansahen, so hätten sie einsehen sollen, um wieviel höher deren Gebieter dasteht; denn der Urheber aller Schönheit ist es ja, der sie geschaffen hat.
Weisheit	Wis	70	13	4	Und wenn sie durch deren Kraft und Wirksamkeit in Staunen versetzt waren, so hätten sie daraus einsehen müssen, um wie viel mächtiger noch der Schöpfer dieser Dinge sei;
Weisheit	Wis	70	13	5	denn aus der Größe und Schönheit der geschaffenen Werke wird vergleichsweise auch ihr Schöpfer wahrgenommen.
Weisheit	Wis	70	13	6	Aber gleichwohl trifft diese nur ein geringer Tadel, insofern sie vielleicht nur irre gehen, während sie doch Gott wirklich suchen und ihn finden möchten.
Weisheit	Wis	70	13	7	Denn indem sie sich mit seinen Werken beschäftigen, durchforschen sie diese, lassen sich aber durch den Anblick beeinflussen, weil ja das, was sie sehen, so schön ist.
Weisheit	Wis	70	13	8	Trotzdem sind auch sie nicht zu entschuldigen;
Weisheit	Wis	70	13	9	denn wenn sie imstande waren, in ihrem Wissen dahin zu gelangen, daß sie die Welt zu durchforschen vermochten, – wie kam es denn, daß sie nicht viel schneller noch den Herrn dieser Dinge ausfindig machten?
Weisheit	Wis	70	13	10	Beklagenswert aber – sie setzen ja ihre Hoffnung auf leblose Gegenstände – sind die, welche Werke von Menschenhand Götter genannt haben, Gold und Silber als Kunsterzeugnisse und Abbilder von Tieren, oder einen unnützen Stein, den eine Hand der Vorzeit geformt hat.
Weisheit	Wis	70	13	11	Oder wenn ein Holzschnitzer einen tauglichen Block von einem Baume abgesägt hat und dann sachkundig die ganze Rinde davon abgeschält und in kunstgerechter Bearbeitung ein brauchbares Gerät zur Benutzung im täglichen Gebrauch daraus angefertigt,
Weisheit	Wis	70	13	12	dann die Abfälle seiner Arbeit zur Zubereitung seiner Speisen verwandt und sich satt gegessen hat:
Weisheit	Wis	70	13	13	dann nimmt er das Stück, das noch übriggeblieben und zu nichts mehr tauglich ist, ein krummes und mit Knoten durchwachsenes Holzstück, schnitzt sorgfältig daran in seinen Mußestunden, gestaltet es mit einsichtsvollem Kunstgeschick und gibt ihm die Gestalt eines Menschen
Weisheit	Wis	70	13	14	oder macht es einem gemeinen Tiere ähnlich; hierauf bestreicht er es mit Mennig, färbt seine Haut mit Schminke rot und übermalt jeden Flecken an ihm.
Weisheit	Wis	70	13	15	Nachdem er ihm dann eine seiner würdige Behausung geschaffen hat, stellt er es an der Wand auf und befestigt es mit Eisen;
Weisheit	Wis	70	13	16	er sorgt selbstverständlich dafür, daß es nicht umfalle, weil er wohl weiß, daß es sich nicht selbst helfen kann: es ist ja nur ein Bild und bedarf fremder Hilfe.
Weisheit	Wis	70	13	17	Er betet dann aber zu ihm für sein Hab und Gut, für seine Weiber und Kinder und schämt sich nicht, das leblose Bild anzureden;
Weisheit	Wis	70	13	18	er ruft das Kraftlose wegen seiner Leibesstärke an, bittet das Tote um sein Leben; um Hilfe fleht er das an, was gar keinen Rat zu geben vermag, verlangt Schutz für die Reise von dem, was seine eigenen Füße nicht gebrauchen kann;
Weisheit	Wis	70	13	19	für sein Geschäft, seine Arbeit und Hantierung erbittet er sich Kraft von dem, dessen Hände völlig kraftlos sind.
Weisheit	Wis	70	14	1	Wiederum, wenn einer eine Seefahrt unternimmt und durch die wilden Fluten zu fahren gedenkt, ruft er ein Stück Holz an, das gebrechlicher ist, als das Fahrzeug, das ihn trägt.
Weisheit	Wis	70	14	2	Zwar hat die Gewinnsucht dieses ersonnen und der Baumeister es mit seiner Kunst hergestellt;
Weisheit	Wis	70	14	3	aber deine Fürsorge, o Vater, ist es, die es hindurchsteuert; denn du hast auch im Meer einen Weg geschaffen und in den Fluten einen sicheren Pfad;
Weisheit	Wis	70	14	4	du wolltest eben zeigen, daß du aus jeder Lage retten kannst, damit man ein Schiff besteige, auch ohne ein kundiger Seemann zu sein.
Weisheit	Wis	70	14	5	Du willst aber, daß die Werke deiner Weisheit nicht unbenutzt bleiben; darum vertrauen die Menschen auch einem ganz geringen Holze ihr Leben an und werden gerettet, wenn sie die Wogen auf einem Floß durchfahren.
Weisheit	Wis	70	14	6	Denn auch im Anfang {= in der Vorzeit}, als die übermütigen Riesen umkamen, ist auch die Hoffnung der Welt in der Arche glücklich entronnen und hat der Folgezeit den Samen eines neuen Geschlechts hinterlassen, da deine Hand die Fahrt lenkte;
Weisheit	Wis	70	14	7	denn gesegnet ist das Holz, durch welches Gerechtigkeit (gewirkt) wird.
Weisheit	Wis	70	14	8	Dagegen jedes von Menschenhand gefertigte Götzenbild ist verflucht und ebenso auch der, welcher es angefertigt hat, weil er es gearbeitet, das vergängliche Werk aber den Namen Gottes erhalten hat;
Weisheit	Wis	70	14	9	denn in gleicher Weise sind sie beide gottverhaßt, der Gottlose und sein gottloses Werk;
Weisheit	Wis	70	14	10	denn das Werk wird mit dem Verfertiger zugleich gestraft.
Weisheit	Wis	70	14	11	Deshalb wird auch an den Götzenbildern der Heiden ein Strafgericht stattfinden, weil sie in der Schöpfung Gottes zu Greueln geworden sind und zum Ärgernis für die Seelen der Menschen und zum Fallstrick für die Füße der Unverständigen.
Weisheit	Wis	70	14	12	Denn der Anfang des Abfalls von Gott ist das Ersinnen von Götzenbildern; ihre Erfindung aber hat den Verderb des Lebens herbeigeführt.
Weisheit	Wis	70	14	13	Denn weder sind sie von Anfang an dagewesen, noch werden sie ewiglich bleiben.
Weisheit	Wis	70	14	14	Nein, durch den eitlen Wahn der Menschen sind sie in die Welt gekommen, und darum ist auch ein jähes Ende für sie beschlossen worden.
Weisheit	Wis	70	14	15	Denn ein durch frühzeitige Trauer bekümmerter Vater ließ von seinem allzuschnell dahingerafften Kinde ein Bild anfertigen und ehrte den damals verstorbenen Menschen nunmehr wie einen Gott und ordnete auch für seine Untergebenen einen Geheimdienst und Weihen an.
Weisheit	Wis	70	14	16	Darauf gewann dann die gottlose Sitte im Laufe der Zeit solche Macht, daß sie wie ein Gesetz beobachtet wurde und die geschnitzten Bilder (der Toten) auf Befehl der Gewalthaber göttlich verehrt wurden.
Weisheit	Wis	70	14	17	Von solchen nun, welche die Menschen, weil sie weit weg wohnten, nicht unmittelbar durch Anschauen ehren konnten, bildeten sie die Gestalt aus der Ferne nach und stellten sich von dem verehrten Könige ein sichtbares Bild her, um dem Abwesenden, als wäre er gegenwärtig, mit allem Eifer zu huldigen.
Weisheit	Wis	70	14	18	Zur Steigerung der Verehrung aber trieb dann der Ehrgeiz des Künstlers auch diejenigen an, welche den betreffenden (König) gar nicht kannten.
Weisheit	Wis	70	14	19	Denn dieser, der dem Herrscher alsbald zu gefallen wünschte, suchte unter Aufbietung seiner Kunst eine verschönerte Ähnlichkeit darzustellen;
Weisheit	Wis	70	14	20	der große Haufe aber, durch die Anmut des Kunstwerks hingerissen, hielt nun den vor kurzem noch als Mensch Geehrten für einen Gegenstand der Anbetung.
Weisheit	Wis	70	14	21	Dies wurde nun aber für das Leben ein Anlaß zur Sünde, daß nämlich die Menschen, sei es einem Trauerfalle, sei es der Herrschergewalt sich fügend, den Namen, der keinem andern beigelegt werden darf, Bildern von Stein und Holz beilegten.
Weisheit	Wis	70	14	22	Weiterhin genügte es ihnen nicht mehr, in betreff der Gotteserkenntnis zu irren, sondern, wiewohl sie infolge ihrer Unwissenheit in großem Kampfe lebten, nennen sie doch so schlimme Übel Frieden {= Heil, Glück}.
Weisheit	Wis	70	14	23	Denn indem sie bald kindermörderische Weihen {= Kinderopfer} oder verborgene Geheimkulte feiern, bald tolle Gelage nach fremden {= absonderlichen} Bräuchen veranstalten,
Weisheit	Wis	70	14	24	bewahren sie weder den Lebenswandel, noch die Ehen rein; nein, einer bringt den andern durch Meuchelmord um oder kränkt ihn durch Ehebruch.
Weisheit	Wis	70	14	25	Bei allen ohne Unterschied herrscht Blutvergießen und Totschlag, Diebstahl und Betrug, Verführung und Treulosigkeit, Aufruhr und Meineid,
Weisheit	Wis	70	14	26	Beunruhigung der Guten und Undankbarkeit, Befleckung der Seelen und unnatürlicher Geschlechtsverkehr, Zerrüttung der Ehen, Ehebruch und Unzucht.
Weisheit	Wis	70	14	27	Denn die Verehrung der namenlosen Götzenbilder ist alles Unheils Anfang, Ursache und Ausgang;
Weisheit	Wis	70	14	28	denn entweder rasen sie in ihren Lustbarkeiten oder weissagen Lügen, oder sie leben in Gottlosigkeit oder schwören ohne Scheu falsche Eide.
Weisheit	Wis	70	14	29	Denn da sie auf leblose Götzen vertrauen, leben sie in dem Glauben, daß jenen, wenn man falsch schwöre, keine Beleidigung widerfahren sei.
Weisheit	Wis	70	14	30	Aber für beides wird die gerechte Strafe sie treffen, nämlich dafür, daß sie sich gegen den wahren Gott ablehnend verhalten haben, indem sie sich zu den Götzen hielten, und dafür, daß sie in trügerischer Absicht falsch geschworen haben unter Mißachtung der Frömmigkeit.
Weisheit	Wis	70	14	31	Denn nicht die Macht der Götter, bei denen man schwört, sondern die den Sündern gebührende Strafe folgt stets der Übertretung der Gottlosen nach.
Weisheit	Wis	70	15	1	Du aber, unser Gott, bist gütig und wahrhaftig; mit Langmut und Barmherzigkeit regierst du das All.
Weisheit	Wis	70	15	2	Denn wenn wir auch sündigen, gehören wir doch dir, da wir deine Macht kennen; wir wollen aber nicht sündigen, da wir wissen, daß wir dir zugeteilt sind.
Weisheit	Wis	70	15	3	Denn dich erkennen ist vollkommene Gerechtigkeit, und deine Macht kennen ist die Wurzel {= Grundlage} der Unsterblichkeit.
Weisheit	Wis	70	15	4	Denn uns hat weder die verderbliche, von Menschen erfundene Kunst irregeführt, noch die unnütze Arbeit der Maler: eine mit bunten Farben beschmierte Gestalt,
Weisheit	Wis	70	15	5	deren Anblick die Toren in Leidenschaft versetzt, so daß sie nach der leblosen Gestalt eines toten Bildes sehnsüchtiges Verlangen tragen.
Weisheit	Wis	70	15	6	Liebhaber des Bösen und solcher {= der entsprechenden} Hoffnungen würdig sind sowohl ihre Verfertiger als auch die, welche Verlangen nach ihnen tragen und sie anbeten.
Weisheit	Wis	70	15	7	Der Töpfer nämlich knetet mühsam weichen Ton und formt daraus jeden einzelnen Gegenstand für unseren Gebrauch; aber aus demselben Ton bildet er ebensowohl die Gefäße, die zu reinen Verrichtungen dienen, als auch die zu entgegengesetztem Zweck bestimmten, alle in gleicher Weise; wozu aber ein jedes von diesen beiden Arten gebraucht werden soll, darüber entscheidet der Tonarbeiter.
Weisheit	Wis	70	15	8	Nun bildet er auch mit übel angewandter Mühe aus dem nämlichen Ton einen nichtigen Gott, er, der selbst erst vor kurzem aus Erde gebildet ist und bald wieder dahin zurückkehren muß, woher er gekommen ist, wenn nämlich die Seele, die ihm geliehen worden ist, von ihm zurückgefordert wird.
Weisheit	Wis	70	15	9	Doch darüber macht er sich keine Sorge, daß er bald abscheiden muß und nur ein kurzes Leben vor sich hat; nein, er will es den Goldarbeitern und Silberschmieden gleichtun und ahmt den Erzgießern nach und bildet sich etwas darauf ein, daß er Trugbilder fertigt.
Weisheit	Wis	70	15	10	Asche ist sein Erz und seine Hoffnung geringwertiger als Staub und sein Leben wertloser als sein Ton;
Weisheit	Wis	70	15	11	er hat ja den nicht erkannt, der ihn selbst gebildet und ihm die schaffende Seele eingehaucht und ihm den Lebensodem eingeblasen hat.
Weisheit	Wis	70	15	12	Er hat vielmehr unser Dasein nur als ein Spiel angesehen und unser Leben als einen gewinnbringenden Jahrmarkt; denn, sagt er, man müsse doch etwas zu verdienen suchen, woher es auch komme, selbst von etwas Schlechtem.
Weisheit	Wis	70	15	13	Ein solcher Mensch weiß ja doch besser als jeder andere, daß er Unrecht tut, wenn er aus der Tonmasse leichtzerbrechliche Gefäße und Götterbilder verfertigt.
Weisheit	Wis	70	15	14	Alle aber sind ganz unverständig und an Einsicht elender als ein unmündiges Kind, die Feinde deines Volkes, die es unterjocht haben,
Weisheit	Wis	70	15	15	insofern sie auch alle Götzen der Heiden für Götter gehalten haben, wiewohl sie weder Augen besitzen, die sie zum Sehen gebrauchen könnten, noch Nasen, um Luft einzuatmen, noch Ohren zum Hören, noch Finger zum Tasten; und ihre Füße sind unbrauchbar zum Gehen.
Weisheit	Wis	70	15	16	Ein Mensch ist es ja, der sie gemacht hat, und einer, der selbst nur einen geliehenen Odem besitzt, hat sie gebildet; kein Mensch vermag ja einen auch nur ihm selbst gleichen Gott zu bilden;
Weisheit	Wis	70	15	17	vielmehr als Sterblicher kann er nur etwas Totes mit seinen gottlosen Händen zustande bringen. Er selbst steht ja höher als die Gegenstände, die er anbetet, insofern er selbst Leben besitzt, jene aber niemals.
Weisheit	Wis	70	15	18	Aber auch die feindseligsten Tiere betet man an, die doch durch ihre Dummheit, verglichen mit den anderen, noch unter diesen stehen.
Weisheit	Wis	70	15	19	Auch sind sie nicht schön, daß man Wohlgefallen an ihnen haben könnte, wie das sonst beim Anblick von Tieren der Fall ist. Sie sind aber auch des Lobes Gottes und seines Segens verlustig gegangen.
Weisheit	Wis	70	16	1	Darum sind sie auch verdientermaßen durch ähnliche Tiere gestraft und durch eine Menge von Ungeziefer heimgesucht worden.
Weisheit	Wis	70	16	2	Anstatt einer solchen Züchtigung aber erwiesest du deinem Volke eine Wohltat und bereitetest ihnen für ihr lüsternes Verlangen eine wunderbare Kost, nämlich Wachteln als Nahrung,
Weisheit	Wis	70	16	3	damit jene, wenn sie nach Nahrung verlangten, infolge des widerlichen Aussehens der ihnen zugesandten Tiere auch die natürliche Eßlust sich vergehen ließen, diese dagegen nach einer kurzen Entbehrung sogar eine ganz wundersame Kost genossen.
Weisheit	Wis	70	16	4	Denn es sollte über jene, die Unterdrücker, ein unabwendbarer Mangel hereinbrechen, während diesen nur gezeigt werden sollte, wie ihre Feinde heimgesucht wurden.
Weisheit	Wis	70	16	5	Dagegen als auch über sie die schreckliche Wut wilder Tiere kam und sie durch die Bisse der sich ringelnden Schlangen umkamen, dauerte doch dein Zorn nicht ohne Ende;
Weisheit	Wis	70	16	6	nein, nur auf kurze Zeit wurden sie zur Warnung in Schrecken gesetzt und erhielten ein Zeichen der Rettung zur Erinnerung an die Gebote deines Gesetzes.
Weisheit	Wis	70	16	7	Denn wer sich dahin wandte, wurde gerettet nicht durch das, was er anschaute, sondern durch dich, den Retter aller;
Weisheit	Wis	70	16	8	und dadurch brachtest du auch unsere Feinde zu der Überzeugung, daß du es bist, der aus jeder Not erretten kann.
Weisheit	Wis	70	16	9	Denn jene tötete der Biß der Heuschrecken und Stechfliegen, und es fand sich kein Heilmittel zur Rettung ihres Lebens, weil sie es verdient hatten, auf diese Weise bestraft zu werden.
Weisheit	Wis	70	16	10	Deine Kinder dagegen konnten auch die Zähne giftsprühender Schlangen nicht vernichten, denn dein Erbarmen erschien zu ihrer Rettung und heilte sie.
Weisheit	Wis	70	16	11	Denn nur, damit sie deiner Gebote gedächten, wurden sie gestochen und schnell wieder geheilt, damit sie nicht in tiefes Vergessen verfielen und für deine Wohltaten ganz umempfänglich würden.
Weisheit	Wis	70	16	12	Denn weder ein Kraut noch ein Pflaster machte sie gesund, sondern dein Wort, o Herr, das alles heilt.
Weisheit	Wis	70	16	13	Denn du hast Macht über Leben und Tod und führst zu den Pforten der Unterwelt hinab und wieder herauf.
Weisheit	Wis	70	16	14	Hat ein Mensch dagegen einen andern durch seine Bosheit getötet, so kann er den Lebensodem, der einmal entflohen ist, nicht wieder zurückbringen und die Seele, die hinweggenommen ist, nicht befreien.
Weisheit	Wis	70	16	15	Aber deiner Hand zu entrinnen ist unmöglich.
Weisheit	Wis	70	16	16	Denn jene Gottlosen, die da leugneten, dich zu kennen, wurden durch die Kraft deines Armes gezüchtigt; sie wurden von furchtbaren Regengüssen, von Hagelschlägen und Gewittern verfolgt und durch Feuer {= Blitze} verzehrt.
Weisheit	Wis	70	16	17	Was aber das Wunderbarste dabei war: durch das Wasser, das doch sonst alles löscht, erhielt das Feuer noch stärkere Kraft; denn die Natur streitet für die Gerechten.
Weisheit	Wis	70	16	18	Zuweilen zwar ließ die Wut der Flammen nach, damit sie nicht auch die gegen die Gottlosen gesandten Tiere verzehrte, sondern damit sie selbst zu der klaren Erkenntnis kämen, daß sie von Gottes Strafgericht verfolgt würden.
Weisheit	Wis	70	16	19	Bisweilen brannte es aber auch mitten im Wasser stärker, als sonst das Feuer brennt, um die Erzeugnisse des sündigen Landes zu verzehren.
Weisheit	Wis	70	16	20	Dem gegenüber speistest du dein Volk mit Engelkost und botest ihnen vom Himmel herab Brot dar, das ohne ihre Arbeit hergestellt war, das allgemeine Freude hervorrief und dem Geschmack jedes einzelnen zusagte.
Weisheit	Wis	70	16	21	Denn die von dir gesandte Masse offenbarte deinen Kindern die Süßigkeit {= zärtliche Liebe}, die du gegen sie hegtest, und indem sie dem Begehren eines jeden, der davon genoß, entgegenkam, verwandelte sie sich in das, was jeder gerade wünschte.
Weisheit	Wis	70	16	22	Schnee und Eis widerstanden dem Feuer und schmolzen nicht, damit man zu der Erkenntnis käme, daß dasselbe Feuer, welches im Hagel brannte und in den Regengüssen blitzte und die Feldfrüchte der Feinde vernichtete,
Weisheit	Wis	70	16	23	in diesem Falle seine eigene Kraft vergessen habe, damit die Gerechten ernährt würden.
Weisheit	Wis	70	16	24	Denn die Natur, die dir, ihrem Schöpfer, dient, steigert ihre Kraft zur Züchtigung wider die Gottlosen und beruhigt sich wieder, um denen wohlzutun, die auf dich vertrauen.
Weisheit	Wis	70	16	25	Darum hat sie auch damals deiner allnährenden Gabe gedient, indem sie sich in alles verwandelte je nach dem Wunsche derer, die ihrer bedurften;
Weisheit	Wis	70	16	26	deine Kinder, die du lieb hattest, o Herr, sollten eben die Erkenntnis gewinnen, daß nicht die gewachsenen Feldfrüchte den Menschen ernähren, sondern daß dein Wort es ist, welches die auf dich Vertrauenden erhält.
Weisheit	Wis	70	16	27	Denn was das Feuer nicht hatte verzehren können, das schmolz ohne weiteres, wenn ein flüchtiger Sonnenstrahl es erwärmte,
Weisheit	Wis	70	16	28	damit es bekannt würde, daß man schon vor Sonnenaufgang dir danken und am Morgen schon vor dem Hellwerden vor dir erscheinen {= zu dir beten} müsse.
Weisheit	Wis	70	16	29	Denn die Hoffnung der Undankbaren schmilzt dahin wie winterlicher Reif und zerrinnt wie unbrauchbares Wasser.
Weisheit	Wis	70	17	1	Groß sind deine Gerichte und unerforschlich; darum sind unerleuchtete Seelen in Irrtum verfallen.
Weisheit	Wis	70	17	2	Denn die Gottlosen, die da gedacht hatten, das heilige Volk in Knechtschaft halten zu können, mußten sich selbst in ihren Häusern einschließen, waren in Finsternis gefangen und von langer Nacht umstrickt und lagen da, von der ewigen Vorsehung ausgeschlossen.
Weisheit	Wis	70	17	3	Während sie nämlich wähnten, bei ihren geheimen Sünden verborgen zu sein unter dem dunklen Schleier der Vergessenheit, wurden sie in der Finsternis entsetzlich geängstigt und durch Trugbilder erschreckt.
Weisheit	Wis	70	17	4	Denn nicht einmal der Winkel, der sie umfing, erhielt sie frei von Furcht; erschreckende Töne wurden ringsum sie laut, und düstere Gestalten mit scheußlichen Gesichtern erschienen ihnen.
Weisheit	Wis	70	17	5	Keines Feuers Kraft war stark genug, Helligkeit zu schaffen, und auch die strahlenden Lichter der Sterne vermochten jene schaurige Nacht nicht zu erhellen.
Weisheit	Wis	70	17	6	Es erschien ihnen nur eine selbstentzündete Feuerflamme voller Furchtbarkeit, und durch diesen noch niemals gesehenen Anblick mit Entsetzen erfüllt, hielten sie das Geschaute für noch schlimmer, als es war.
Weisheit	Wis	70	17	7	Die Gaukeleien ihrer Zauberkunst erwiesen sich als machtlos dagegen, und die Prüfung ihrer prahlerischen Weisheit fiel schmachvoll für sie aus;
Weisheit	Wis	70	17	8	denn sie, die da versprachen, die Schrecken und Ängste der kranken Seelen zu bannen, erkrankten selbst an lächerlicher Furcht.
Weisheit	Wis	70	17	9	Denn auch dann, wenn nichts Furchtbares sie schreckte, wurden sie doch durch das Vorüberkriechen des Gewürms und das Zischen der Schlangen aufgeschreckt und kamen vor Angst um; sie weigerten sich sogar, in die Luft zu schauen, der man sich doch nimmermehr entziehen kann.
Weisheit	Wis	70	17	10	Denn feige ist die durch ihr eigenes Zeugnis verurteilte Bosheit, und immer vom bösen Gewissen gedrängt, macht sie sich auf das Schlimmste gefaßt.
Weisheit	Wis	70	17	11	Denn die Furcht ist nichts anderes als ein Preisgeben der von der Überlegung dargebotenen Hilfsmittel;
Weisheit	Wis	70	17	12	und wenn die Zuversicht im Inneren geschwächt ist, so hält sie die Ratlosigkeit für ein größeres Übel als die Ursache, welche die Qual veranlaßt.
Weisheit	Wis	70	17	13	Als jene nun die an und für sich ohnmächtige Nacht, die aus den Tiefen der ebenfalls ohnmächtigen Unterwelt heraufgestiegen war, in dem gewöhnlichen Schlafe zubringen wollten,
Weisheit	Wis	70	17	14	wurden sie teils durch Gespenstererscheinungen umhergetrieben, teils durch das Aufgeben alles Selbstvertrauens gelähmt: denn eine plötzliche und unerwartete Furcht befiel sie.
Weisheit	Wis	70	17	15	So wurde also jeder, der sich dort befand, wenn er niederfiel, gefangen gehalten, indem er in einen Kerker ohne Eisenfesseln eingeschlossen war.
Weisheit	Wis	70	17	16	Mochte jemand ein Ackersmann sein oder ein Hirt oder ein mit mühsamer Arbeit in der Wüste beschäftigter Tagelöhner: von der Finsternis überrascht, mußte er die unentrinnbare Notlage über sich ergehen lassen; denn alle waren mit der nämlichen Kette der Dunkelheit gefesselt.
Weisheit	Wis	70	17	17	Ob säuselnder Windhauch es war, oder lieblicher Vogelsang in dichtbelaubten Zweigen, oder das Rauschen des mit Macht daherströmenden Wassers,
Weisheit	Wis	70	17	18	oder das schauerliche Krachen herabstürzender Felsen, oder das unsichtbare Laufen hüpfender Wesen, oder das Geheul der grausigsten Tiere, oder der aus den Höhlen des Gebirges zurückgeworfene Widerhall: – alle diese Schrecknisse lähmten sie.
Weisheit	Wis	70	17	19	Denn die ganze übrige Welt erglänzte in strahlendem Licht, und jeder konnte ungehindert seine Geschäfte betreiben;
Weisheit	Wis	70	17	20	nur über jene war tiefe Nacht ausgebreitet, ein Vorbild der Finsternis, die sie einst aufnehmen sollte; sich selber aber waren sie eine noch drückendere Last, als die Finsternis es war.
Weisheit	Wis	70	18	1	Deine Heiligen befanden sich unterdessen im hellsten Licht; deren Stimmen hörten die Ägypter wohl, konnten sie aber persönlich nicht sehen; noch priesen sie jene glücklich, daß sie nicht ebenso hatten leiden müssen wie sie selbst.
Weisheit	Wis	70	18	2	Ja, sie waren dankbar, daß jene, obschon zuerst mißhandelt, ihnen nicht Schaden zugefügt hatten; sie baten sogar um Verzeihung für ihre Feindschaft.
Weisheit	Wis	70	18	3	Dagegen gabst du ihnen die feuerflammende Säule als Wegführerin auf der Wanderung durch unbekanntes Land und als unschädliche Sonne für die ruhmvolle Wanderung.
Weisheit	Wis	70	18	4	Jene dagegen hatten es verdient, des Lichts beraubt zu werden und in der Finsternis gefangen zu sein, weil sie deine Söhne in Gefangenschaft gehalten hatten, durch welche das unvergängliche Licht des Gesetzes der Welt mitgeteilt werden sollte.
Weisheit	Wis	70	18	5	Weil jene aber beschlossen hatten, die Kinder der Heiligen zu töten, und eins von den Kindern ausgesetzt, aber gerettet worden war, so nahmst du zur Strafe ihre Kinder in Menge hinweg und ließest sie alle bis auf den letzten Mann in gewaltiger Wasserflut umkommen.
Weisheit	Wis	70	18	6	Jene Nacht wurde unseren Vätern im voraus angezeigt, damit sie sicher wüßten, auf welche Eidschwüre {= beschworene Verheißungen} sie ihr Vertrauen setzten und gutes Mutes wären;
Weisheit	Wis	70	18	7	und so wurde von deinem Volke die Rettung der Gerechten und der Untergang seiner Feinde erwartet;
Weisheit	Wis	70	18	8	denn wodurch du die Gegner straftest, eben dadurch verherrlichtest du uns, indem du uns zu dir riefst.
Weisheit	Wis	70	18	9	Denn im Verborgenen brachten die heiligen Söhne trefflicher Eltern {oder des Heils?} ihr Opfer dar und stellten die göttliche Satzung einmütig fest, daß die Heiligen in gleicher Weise an den Gütern und an den Gefahren teilnehmen sollten, nachdem sie zuvor bereits die Lobgesänge ihrer Väter angestimmt hatten.
Weisheit	Wis	70	18	10	Dagegen erscholl das mißtönende Geschrei der Feinde, und die Wehklage derer, die ihre Kinder beweinten, verbreitete sich überallhin;
Weisheit	Wis	70	18	11	denn mit gleicher Strafe wurde der Knecht zugleich mit seinem Herrn gezüchtigt, und der Untertan erlitt dasselbe wie der König.
Weisheit	Wis	70	18	12	Alle ohne Ausnahme aber hatten durch dieselbe Todesart zahllose Tote, und die Überlebenden genügten nicht, um sie zu begraben, weil in einem einzigen Augenblick der vornehmste Teil ihrer Nachkommenschaft hinweggerafft worden war.
Weisheit	Wis	70	18	13	Während sie also vorher infolge ihrer Zauberkünste völlig ungläubig geblieben waren, bekannten sie jetzt bei der Vernichtung ihrer Erstgeborenen, daß das Volk der Sohn Gottes sei.
Weisheit	Wis	70	18	14	Denn zu der Zeit, wo tiefes Schweigen alles umfangen hielt und die Nacht sich in der Mitte ihres Laufes befand,
Weisheit	Wis	70	18	15	da fuhr dein Allmachtswort vom Himmel her von deinem Königsthron wie ein unerbittlicher Krieger in das dem Verderben geweihte Land herab;
Weisheit	Wis	70	18	16	als scharfes Schwert trug er deinen unwiderruflichen Befehl; er trat hin und verbreitete den Tod im ganzen Lande; den Himmel berührte er und schritt doch auf der Erde dahin.
Weisheit	Wis	70	18	17	Da schreckten plötzlich furchtbare Traumbilder sie auf, und unerwartete Ängste befielen sie;
Weisheit	Wis	70	18	18	halbtot stürzten sie, der eine hier, der andere dort, zur Erde nieder und zeigten damit an, welches die Ursache ihres Todes sei;
Weisheit	Wis	70	18	19	denn die Träume, durch die sie beunruhigt worden waren, hatten dies ihnen zuvor kundgetan, damit sie nicht stürben, ohne zu wissen, warum sie solches Unheil erlitten.
Weisheit	Wis	70	18	20	Es hat freilich auch die Gerechten die Anfechtung des Todes getroffen: ein Sterben gar vieler von ihnen fand in der Wüste statt; doch das Zorngericht hielt nicht lange an;
Weisheit	Wis	70	18	21	denn ein unsträflicher Mann beeilte sich, als Vorkämpfer für sie aufzutreten. Indem er die Waffe seines heiligen Dienstes, nämlich Gebet und versöhnendes Räucherwerk, herbeibrachte, trat er dem Grimm entgegen und machte dem Unheil ein Ende; er zeigte so, daß er dein Diener war.
Weisheit	Wis	70	18	22	Er überwand aber den Zorn nicht durch Körperstärke, noch durch Waffengewalt, sondern durch das Wort bezwang er den Strafenden, indem er an die den Vätern geleisteten Eidschwüre und die mit ihnen geschlossenen Bündnisse erinnerte.
Weisheit	Wis	70	18	23	Denn als die Toten schon haufenweise übereinander dalagen, trat er dazwischen, brachte das Zorngericht zum Stillstand und schnitt ihm den Weg zu den noch Lebenden ab.
Weisheit	Wis	70	18	24	Denn auf seinem langwallenden Talar war die ganze Welt (abgebildet) und der Ruhm der Väter auf den vier Reihen geschnittener Steine (angebracht) und deine Herrlichkeit {= Majestät} auf der Binde seines Hauptes.
Weisheit	Wis	70	18	25	Vor diesen Wahrzeichen wich der Verderber {= Würgengel} zurück, vor ihnen scheute er sich; denn die bloße Erprobung des (göttlichen) Zorns war ausreichend.
Weisheit	Wis	70	19	1	Die Gottlosen aber bedrängte der erbarmungslose Zorn bis ans Ende; denn Gott wußte auch ihr zukünftiges Verhalten im voraus,
Weisheit	Wis	70	19	2	daß sie nämlich, obgleich sie selbst zum Auszuge gedrängt und sie geradezu vertrieben hatten, doch andern Sinnes werden und sie verfolgen würden.
Weisheit	Wis	70	19	3	Und in der Tat: während sie sich noch mitten in der Trauerfeier befanden und noch an den Gräbern ihrer Toten wehklagten, faßten sie mit einemmal einen andern, ganz verfehlten Entschluß und verfolgten wie entlaufene Sklaven die, welche sie eben noch unter Bitten zum Weggehen gedrängt hatten.
Weisheit	Wis	70	19	4	Denn es zog sie zu diesem Ausgang das verdiente Verhängnis und flößte ihnen Vergessenheit alles dessen ein, was geschehen war, damit sie die an ihren Heimsuchungen noch fehlende Strafe vollends erlitten
Weisheit	Wis	70	19	5	und damit dein Volk die wunderbare Wanderung ausführte, während jene einen ungewöhnlichen Tod erlitten.
Weisheit	Wis	70	19	6	Denn die ganze Schöpfung wurde in ihrer Eigentümlichkeit wiederum aufs neue umgeschaffen, indem sie ganz besonderen Befehlen gehorchte, damit deine Kinder unversehrt erhalten blieben.
Weisheit	Wis	70	19	7	Da sah man die Wolke, welche den Heereszug überschattete, und das Auftauchen trockenen Landes, wo vorher Wasser gestanden hatte: einen freien Weg aus dem Roten Meere hinaus und eine grünende Flur, die aus den reißenden Fluten emporgestiegen war.
Weisheit	Wis	70	19	8	Auf dieser zogen sie hindurch, das ganze Volk, von deiner Hand beschirmt, nachdem sie erstaunliche Wunder geschaut hatten.
Weisheit	Wis	70	19	9	Denn wie Rosse wurden sie geweidet, und wie Lämmer hüpften sie, indem sie dich, o Herr, als ihren Retter priesen.
Weisheit	Wis	70	19	10	Denn sie gedachten noch alles dessen, was sie während ihres Aufenthaltes in dem fremden Lande erlebt hatten, wie die Erde, statt die gewöhnlichen Tiere hervorzubringen, nur Mücken erzeugt hatte, und wie der Nilstrom anstatt der Wassertiere die Unmenge von Fröschen ausgespieen hatte.
Weisheit	Wis	70	19	11	Später aber sahen sie auch noch eine neue Art Vögel, als sie, von Lüsternheit getrieben, um Leckerbissen gebeten hatten;
Weisheit	Wis	70	19	12	denn um ihnen Befriedigung zu gewähren, stieg aus dem Meere ein Wachtelschwarm herauf.
Weisheit	Wis	70	19	13	Jedoch kamen die Strafen über die Frevler nicht, ohne daß Warnungszeichen durch furchtbare Blitzschläge vorausgegangen wären; denn mit Recht litten sie für ihre Bosheitstaten; sie hatten ja einen ganz ungewöhnlichen Fremdenhaß an den Tag gelegt.
Weisheit	Wis	70	19	14	Jene (die Sodomiten) nämlich hatten nur Unbekannte, die zu ihnen gekommen waren, nicht aufnehmen wollen, diese (die Ägypter) dagegen suchten Gastfreunde, die ihnen Gutes erwiesen hatten, zu Knechten zu machen.
Weisheit	Wis	70	19	15	Und nicht nur dieses, sondern – wofür noch die Strafe sie treffen wird – während jene die Fremden gleich anfangs feindselig aufgenommen hatten,
Weisheit	Wis	70	19	16	haben diese dagegen diejenigen, welche sie mit Festlichkeiten empfangen hatten und welche bereits zu voller Teilnahme an ihrem Bürgerrecht gelangt waren, mit schweren Fronarbeiten mißhandelt.
Weisheit	Wis	70	19	17	Sie wurden aber auch mit Blindheit geschlagen, wie einst jene an der Tür des Gerechten, als sie, von tiefer Finsternis umgeben, ein jeder den Eingang zu seiner Haustür suchten.
Weisheit	Wis	70	19	18	Denn die Elemente unterliegen durcheinander dem Wechsel, gerade wie auf einem Saiteninstrument die Töne der Melodie den Namen wechseln, während sie doch dem Klange nach stets dieselben bleiben, was sich aus der Betrachtung der damaligen Begebenheiten mit Sicherheit entnehmen läßt.
Weisheit	Wis	70	19	19	Denn Landtiere verwandelten sich in Wassertiere, und Schwimmtiere stiegen ans Land heraus;
Weisheit	Wis	70	19	20	das Feuer gewann im Wasser stärkere Kraft, und das Wasser vergaß im Feuer seine löschende Kraft.
Weisheit	Wis	70	19	21	Die Flammen hinwiederum verzehrten nicht das Fleisch leichtvergänglicher Geschöpfe, die in sie hineingerieten, und ließen nicht die eisähnliche leichtschmelzbare Art der himmlischen Nahrung schmelzen.
Weisheit	Wis	70	19	22	Denn in allen Beziehungen hast du, o Herr, dein Volk geehrt und herrlich gemacht, hast es nie aus den Augen gelassen, sondern ihm allezeit und überall beigestanden.
